insert into projects (project_id, project_name) values ('WGkLkaYQV9c4ZsvrpFXrwt', 'project1');
insert into projects (project_id, project_name) values ('skDKZpbPE4pYMVXrCIkLUG', 'project2');
insert into projects (project_id, project_name) values ('7EKiv3nuA5WzHQGt2ZaGoC', 'project3');
insert into projects (project_id, project_name) values ('AUxQsrRFUk4HoNCzI26VeT', 'project4');
insert into projects (project_id, project_name) values ('MuOEY6MSpJJVAUJrWIGJUD', 'project5');
insert into users (user_id, user_name) values ('4b6a0669-8fd9-4d44-8c9f-6d7cb046189d', 'Roy Colbrun');
insert into users (user_id, user_name) values ('273dd52d-59d1-4442-9379-182f420b2e04', 'Annabal Borzone');
insert into users (user_id, user_name) values ('3497c637-70b7-429a-a0a4-5e4756e1da7f', 'Gardie Rameaux');
insert into users (user_id, user_name) values ('c7103201-bb1e-4692-a756-1c7b5689c01d', 'Else Antonoyev');
insert into users (user_id, user_name) values ('212d7c4c-ebee-47c7-acb8-83420f6ac2f3', 'Nonna Zohrer');
insert into users (user_id, user_name) values ('8eb7033e-8baf-42d1-8238-1956cf7df0df', 'Mikkel Pedrielli');
insert into users (user_id, user_name) values ('1f419c69-9f2b-417b-bf47-ec96dcaec10e', 'Davida Boch');
insert into users (user_id, user_name) values ('4c4756e6-e113-4db2-830b-2983af2497fd', 'Denys Grimwad');
insert into users (user_id, user_name) values ('527ec98e-30f1-4457-b377-711a3777ddb1', 'Alon Flott');
insert into users (user_id, user_name) values ('5db7c8b8-530d-4d9b-8db2-7c0b9cae8951', 'Terra Lutwidge');
insert into users (user_id, user_name) values ('a574d601-4be4-4499-8f98-7f2b2e168e0e', 'Christiana Katt');
insert into users (user_id, user_name) values ('2738bbb8-e29b-460b-a96d-a37adf1f488f', 'Ossie Kerne');
insert into users (user_id, user_name) values ('2d0dbb5a-7735-4052-b478-5405c4120354', 'Merl Lippard');
insert into users (user_id, user_name) values ('41c8e14a-0245-4e8d-90b8-95a009973899', 'Teodorico Swinnard');
insert into users (user_id, user_name) values ('a67850fe-36a6-4ef8-989b-d5c663bb6570', 'Noah Patters');
insert into users (user_id, user_name) values ('7a9399af-e5f4-412f-a3c9-90cff9c23a54', 'Astrid Burdus');
insert into users (user_id, user_name) values ('c4c68995-d0a0-4515-94b4-78551007f341', 'Belvia Bartoletti');
insert into users (user_id, user_name) values ('cc7c954e-dffe-4ac7-9214-fe337e611c64', 'Adrea Regler');
insert into users (user_id, user_name) values ('e32d597a-eb53-4a7a-8a6e-d1aa46bd9396', 'Flossy Lease');
insert into users (user_id, user_name) values ('bfe0d540-653b-475a-a20c-2ac1297ac7c0', 'Audy Dunrige');
insert into users (user_id, user_name) values ('0b2dc280-2fb5-4d8b-9200-96cf00fc1a25', 'May Whodcoat');
insert into users (user_id, user_name) values ('d61ef908-5f01-4a41-b828-2284cb1125ff', 'Valentina Peret');
insert into users (user_id, user_name) values ('84993557-73b4-4655-b16f-90a906c06c28', 'Patrick Rayburn');
insert into users (user_id, user_name) values ('88cf9dd1-62f3-49ed-a0aa-ffecfb2128e5', 'Bennie Szymon');
insert into users (user_id, user_name) values ('4807fe48-80b6-43fc-b8ef-2b6b2de6b5ab', 'Tymon Lucy');
insert into feedbacks (feedback_id, project_id, user_id, user_name, feedback_text, f_timestamp) values ('d70bcdd7-dd87-4688-9581-28cf24952f93', 'WGkLkaYQV9c4ZsvrpFXrwt', 'e32d597a-eb53-4a7a-8a6e-d1aa46bd9396', 'Flossy Lease', 'Duis aliquam convallis nunc. Proin at turpis a pede posuere nonummy. Integer non velit.

Donec diam neque, vestibulum eget, vulputate ut, ultrices vel, augue. Vestibulum ante ipsum primis in faucibus orci luctus et ultrices posuere cubilia Curae; Donec pharetra, magna vestibulum aliquet ultrices, erat tortor sollicitudin mi, sit amet lobortis sapien sapien non mi. Integer ac neque.', '1611145866000');
insert into feedbacks (feedback_id, project_id, user_id, user_name, feedback_text, f_timestamp) values ('5cf45183-0915-4aba-8246-a78aa754ce13', 'skDKZpbPE4pYMVXrCIkLUG', '2738bbb8-e29b-460b-a96d-a37adf1f488f', 'Ossie Kerne', 'Cras non velit nec nisi vulputate nonummy. Maecenas tincidunt lacus at velit. Vivamus vel nulla eget eros elementum pellentesque.', '1611926513000');
insert into feedbacks (feedback_id, project_id, user_id, user_name, feedback_text, f_timestamp) values ('8b26fa03-b967-4118-bd42-3d192beaba75', 'MuOEY6MSpJJVAUJrWIGJUD', '2d0dbb5a-7735-4052-b478-5405c4120354', 'Merl Lippard', 'Curabitur gravida nisi at nibh. In hac habitasse platea dictumst. Aliquam augue quam, sollicitudin vitae, consectetuer eget, rutrum at, lorem.

Integer tincidunt ante vel ipsum. Praesent blandit lacinia erat. Vestibulum sed magna at nunc commodo placerat.', '1610617911000');
insert into feedbacks (feedback_id, project_id, user_id, user_name, feedback_text, f_timestamp) values ('9c848b2c-f45e-4650-8350-1a8adf2b38dc', 'AUxQsrRFUk4HoNCzI26VeT', 'c4c68995-d0a0-4515-94b4-78551007f341', 'Belvia Bartoletti', 'Praesent blandit. Nam nulla. Integer pede justo, lacinia eget, tincidunt eget, tempus vel, pede.

Morbi porttitor lorem id ligula. Suspendisse ornare consequat lectus. In est risus, auctor sed, tristique in, tempus sit amet, sem.', '1609434645000');
insert into feedbacks (feedback_id, project_id, user_id, user_name, feedback_text, f_timestamp) values ('42680497-77fa-4df7-ae96-024110e42223', '7EKiv3nuA5WzHQGt2ZaGoC', 'c4c68995-d0a0-4515-94b4-78551007f341', 'Belvia Bartoletti', 'Vestibulum ac est lacinia nisi venenatis tristique. Fusce congue, diam id ornare imperdiet, sapien urna pretium nisl, ut volutpat sapien arcu sed augue. Aliquam erat volutpat.', '1608714060000');
insert into feedbacks (feedback_id, project_id, user_id, user_name, feedback_text, f_timestamp) values ('c968aaa6-00c6-4d4f-814d-6eac613527d4', '7EKiv3nuA5WzHQGt2ZaGoC', 'e32d597a-eb53-4a7a-8a6e-d1aa46bd9396', 'Flossy Lease', 'Nullam porttitor lacus at turpis. Donec posuere metus vitae ipsum. Aliquam non mauris.

Morbi non lectus. Aliquam sit amet diam in magna bibendum imperdiet. Nullam orci pede, venenatis non, sodales sed, tincidunt eu, felis.', '1610764069000');
insert into feedbacks (feedback_id, project_id, user_id, user_name, feedback_text, f_timestamp) values ('45d5aeef-47c4-4455-a644-b68e222cc395', 'WGkLkaYQV9c4ZsvrpFXrwt', '7a9399af-e5f4-412f-a3c9-90cff9c23a54', 'Astrid Burdus', 'Aenean lectus. Pellentesque eget nunc. Donec quis orci eget orci vehicula condimentum.', '1606251505000');
insert into feedbacks (feedback_id, project_id, user_id, user_name, feedback_text, f_timestamp) values ('9b5da824-eb47-43ea-87ff-cbf500c9cbe7', 'WGkLkaYQV9c4ZsvrpFXrwt', '7a9399af-e5f4-412f-a3c9-90cff9c23a54', 'Astrid Burdus', 'Pellentesque at nulla. Suspendisse potenti. Cras in purus eu magna vulputate luctus.

Cum sociis natoque penatibus et magnis dis parturient montes, nascetur ridiculus mus. Vivamus vestibulum sagittis sapien. Cum sociis natoque penatibus et magnis dis parturient montes, nascetur ridiculus mus.', '1609423000000');
insert into feedbacks (feedback_id, project_id, user_id, user_name, feedback_text, f_timestamp) values ('8b7c3530-be25-490f-b25e-8ccad5ac46ab', 'MuOEY6MSpJJVAUJrWIGJUD', 'cc7c954e-dffe-4ac7-9214-fe337e611c64', 'Adrea Regler', 'Aenean lectus. Pellentesque eget nunc. Donec quis orci eget orci vehicula condimentum.

Curabitur in libero ut massa volutpat convallis. Morbi odio odio, elementum eu, interdum eu, tincidunt in, leo. Maecenas pulvinar lobortis est.', '1612175658000');
insert into feedbacks (feedback_id, project_id, user_id, user_name, feedback_text, f_timestamp) values ('aaedbce6-bb57-4214-b52b-e6839a0214d9', 'AUxQsrRFUk4HoNCzI26VeT', '212d7c4c-ebee-47c7-acb8-83420f6ac2f3', 'Nonna Zohrer', 'In hac habitasse platea dictumst. Morbi vestibulum, velit id pretium iaculis, diam erat fermentum justo, nec condimentum neque sapien placerat ante. Nulla justo.

Aliquam quis turpis eget elit sodales scelerisque. Mauris sit amet eros. Suspendisse accumsan tortor quis turpis.', '1610204151000');
insert into feedbacks (feedback_id, project_id, user_id, user_name, feedback_text, f_timestamp) values ('c77fe95c-2d22-4a80-bd63-bfa265ed07d5', 'AUxQsrRFUk4HoNCzI26VeT', 'e32d597a-eb53-4a7a-8a6e-d1aa46bd9396', 'Flossy Lease', 'Nullam sit amet turpis elementum ligula vehicula consequat. Morbi a ipsum. Integer a nibh.

In quis justo. Maecenas rhoncus aliquam lacus. Morbi quis tortor id nulla ultrices aliquet.', '1606553019000');
insert into feedbacks (feedback_id, project_id, user_id, user_name, feedback_text, f_timestamp) values ('4b0295b5-d409-4ac0-abdb-bbb4b8fd792c', 'MuOEY6MSpJJVAUJrWIGJUD', '88cf9dd1-62f3-49ed-a0aa-ffecfb2128e5', 'Bennie Szymon', 'Curabitur gravida nisi at nibh. In hac habitasse platea dictumst. Aliquam augue quam, sollicitudin vitae, consectetuer eget, rutrum at, lorem.

Integer tincidunt ante vel ipsum. Praesent blandit lacinia erat. Vestibulum sed magna at nunc commodo placerat.', '1610748690000');
insert into feedbacks (feedback_id, project_id, user_id, user_name, feedback_text, f_timestamp) values ('eb676012-df06-4fd7-ba30-cbe30f34a4e3', 'AUxQsrRFUk4HoNCzI26VeT', '8eb7033e-8baf-42d1-8238-1956cf7df0df', 'Mikkel Pedrielli', 'Duis bibendum, felis sed interdum venenatis, turpis enim blandit mi, in porttitor pede justo eu massa. Donec dapibus. Duis at velit eu est congue elementum.', '1608569227000');
insert into feedbacks (feedback_id, project_id, user_id, user_name, feedback_text, f_timestamp) values ('0a089831-f830-48dd-8f0e-5598b815cce5', 'AUxQsrRFUk4HoNCzI26VeT', '0b2dc280-2fb5-4d8b-9200-96cf00fc1a25', 'May Whodcoat', 'Curabitur in libero ut massa volutpat convallis. Morbi odio odio, elementum eu, interdum eu, tincidunt in, leo. Maecenas pulvinar lobortis est.', '1606403555000');
insert into feedbacks (feedback_id, project_id, user_id, user_name, feedback_text, f_timestamp) values ('1bbcc19b-d9bb-4ec7-b235-95d94a9b0d79', 'AUxQsrRFUk4HoNCzI26VeT', 'c4c68995-d0a0-4515-94b4-78551007f341', 'Belvia Bartoletti', 'Integer ac leo. Pellentesque ultrices mattis odio. Donec vitae nisi.

Nam ultrices, libero non mattis pulvinar, nulla pede ullamcorper augue, a suscipit nulla elit ac nulla. Sed vel enim sit amet nunc viverra dapibus. Nulla suscipit ligula in lacus.', '1611250634000');
insert into feedbacks (feedback_id, project_id, user_id, user_name, feedback_text, f_timestamp) values ('abe6d57f-772b-4359-b0e3-daacda141adb', 'skDKZpbPE4pYMVXrCIkLUG', '8eb7033e-8baf-42d1-8238-1956cf7df0df', 'Mikkel Pedrielli', 'Duis consequat dui nec nisi volutpat eleifend. Donec ut dolor. Morbi vel lectus in quam fringilla rhoncus.', '1611432785000');
insert into feedbacks (feedback_id, project_id, user_id, user_name, feedback_text, f_timestamp) values ('030a0609-f683-4670-b7f4-80ef3056bfd8', 'AUxQsrRFUk4HoNCzI26VeT', '527ec98e-30f1-4457-b377-711a3777ddb1', 'Alon Flott', 'Sed sagittis. Nam congue, risus semper porta volutpat, quam pede lobortis ligula, sit amet eleifend pede libero quis orci. Nullam molestie nibh in lectus.

Pellentesque at nulla. Suspendisse potenti. Cras in purus eu magna vulputate luctus.', '1606823887000');
insert into feedbacks (feedback_id, project_id, user_id, user_name, feedback_text, f_timestamp) values ('0b73f746-6a72-4101-b374-f82a0e4e5ebb', '7EKiv3nuA5WzHQGt2ZaGoC', 'c7103201-bb1e-4692-a756-1c7b5689c01d', 'Else Antonoyev', 'Praesent blandit. Nam nulla. Integer pede justo, lacinia eget, tincidunt eget, tempus vel, pede.', '1606731935000');
insert into feedbacks (feedback_id, project_id, user_id, user_name, feedback_text, f_timestamp) values ('404a2e4b-b31f-4c88-bfbc-ad814dcc8eb9', 'WGkLkaYQV9c4ZsvrpFXrwt', 'e32d597a-eb53-4a7a-8a6e-d1aa46bd9396', 'Flossy Lease', 'Maecenas tristique, est et tempus semper, est quam pharetra magna, ac consequat metus sapien ut nunc. Vestibulum ante ipsum primis in faucibus orci luctus et ultrices posuere cubilia Curae; Mauris viverra diam vitae quam. Suspendisse potenti.

Nullam porttitor lacus at turpis. Donec posuere metus vitae ipsum. Aliquam non mauris.', '1605859938000');
insert into feedbacks (feedback_id, project_id, user_id, user_name, feedback_text, f_timestamp) values ('060d5fc0-a6f6-4df9-9d07-c1d1237dc3e7', 'WGkLkaYQV9c4ZsvrpFXrwt', '3497c637-70b7-429a-a0a4-5e4756e1da7f', 'Gardie Rameaux', 'Quisque id justo sit amet sapien dignissim vestibulum. Vestibulum ante ipsum primis in faucibus orci luctus et ultrices posuere cubilia Curae; Nulla dapibus dolor vel est. Donec odio justo, sollicitudin ut, suscipit a, feugiat et, eros.', '1610981201000');
insert into feedbacks (feedback_id, project_id, user_id, user_name, feedback_text, f_timestamp) values ('b23cbc1b-af54-4fff-b326-d1d98a6d51ad', 'WGkLkaYQV9c4ZsvrpFXrwt', '4b6a0669-8fd9-4d44-8c9f-6d7cb046189d', 'Roy Colbrun', 'Nullam sit amet turpis elementum ligula vehicula consequat. Morbi a ipsum. Integer a nibh.

In quis justo. Maecenas rhoncus aliquam lacus. Morbi quis tortor id nulla ultrices aliquet.', '1609922223000');
insert into feedbacks (feedback_id, project_id, user_id, user_name, feedback_text, f_timestamp) values ('4499bd8b-8798-490f-8f4d-3f0064854b25', '7EKiv3nuA5WzHQGt2ZaGoC', 'd61ef908-5f01-4a41-b828-2284cb1125ff', 'Valentina Peret', 'Nulla ut erat id mauris vulputate elementum. Nullam varius. Nulla facilisi.

Cras non velit nec nisi vulputate nonummy. Maecenas tincidunt lacus at velit. Vivamus vel nulla eget eros elementum pellentesque.', '1609532824000');
insert into feedbacks (feedback_id, project_id, user_id, user_name, feedback_text, f_timestamp) values ('7f0de213-0939-456f-bb48-15060af3d9e3', '7EKiv3nuA5WzHQGt2ZaGoC', '2738bbb8-e29b-460b-a96d-a37adf1f488f', 'Ossie Kerne', 'Proin interdum mauris non ligula pellentesque ultrices. Phasellus id sapien in sapien iaculis congue. Vivamus metus arcu, adipiscing molestie, hendrerit at, vulputate vitae, nisl.

Aenean lectus. Pellentesque eget nunc. Donec quis orci eget orci vehicula condimentum.', '1608551988000');
insert into feedbacks (feedback_id, project_id, user_id, user_name, feedback_text, f_timestamp) values ('0c82c2ad-de67-4287-93c9-d3d40c221005', 'WGkLkaYQV9c4ZsvrpFXrwt', '2738bbb8-e29b-460b-a96d-a37adf1f488f', 'Ossie Kerne', 'Mauris enim leo, rhoncus sed, vestibulum sit amet, cursus id, turpis. Integer aliquet, massa id lobortis convallis, tortor risus dapibus augue, vel accumsan tellus nisi eu orci. Mauris lacinia sapien quis libero.', '1609522146000');
insert into feedbacks (feedback_id, project_id, user_id, user_name, feedback_text, f_timestamp) values ('b45c1059-2914-4b7b-81f7-1d77c0b7279b', 'MuOEY6MSpJJVAUJrWIGJUD', 'a67850fe-36a6-4ef8-989b-d5c663bb6570', 'Noah Patters', 'Quisque id justo sit amet sapien dignissim vestibulum. Vestibulum ante ipsum primis in faucibus orci luctus et ultrices posuere cubilia Curae; Nulla dapibus dolor vel est. Donec odio justo, sollicitudin ut, suscipit a, feugiat et, eros.', '1607533897000');
insert into feedbacks (feedback_id, project_id, user_id, user_name, feedback_text, f_timestamp) values ('daf6855f-3a1d-498e-8620-60d309e609aa', 'skDKZpbPE4pYMVXrCIkLUG', '41c8e14a-0245-4e8d-90b8-95a009973899', 'Teodorico Swinnard', 'Proin eu mi. Nulla ac enim. In tempor, turpis nec euismod scelerisque, quam turpis adipiscing lorem, vitae mattis nibh ligula nec sem.

Duis aliquam convallis nunc. Proin at turpis a pede posuere nonummy. Integer non velit.', '1608178291000');
insert into feedbacks (feedback_id, project_id, user_id, user_name, feedback_text, f_timestamp) values ('4405f4a4-b749-4a5b-bf30-3290f460bda2', '7EKiv3nuA5WzHQGt2ZaGoC', '41c8e14a-0245-4e8d-90b8-95a009973899', 'Teodorico Swinnard', 'In sagittis dui vel nisl. Duis ac nibh. Fusce lacus purus, aliquet at, feugiat non, pretium quis, lectus.

Suspendisse potenti. In eleifend quam a odio. In hac habitasse platea dictumst.', '1608500915000');
insert into feedbacks (feedback_id, project_id, user_id, user_name, feedback_text, f_timestamp) values ('b2e4d454-cbc7-4712-a5b1-85ce5cf2bfd4', 'WGkLkaYQV9c4ZsvrpFXrwt', '4c4756e6-e113-4db2-830b-2983af2497fd', 'Denys Grimwad', 'Nullam sit amet turpis elementum ligula vehicula consequat. Morbi a ipsum. Integer a nibh.

In quis justo. Maecenas rhoncus aliquam lacus. Morbi quis tortor id nulla ultrices aliquet.', '1609556614000');
insert into feedbacks (feedback_id, project_id, user_id, user_name, feedback_text, f_timestamp) values ('4e2e0932-cd9b-4dc8-b742-19a548246656', 'AUxQsrRFUk4HoNCzI26VeT', '41c8e14a-0245-4e8d-90b8-95a009973899', 'Teodorico Swinnard', 'Fusce posuere felis sed lacus. Morbi sem mauris, laoreet ut, rhoncus aliquet, pulvinar sed, nisl. Nunc rhoncus dui vel sem.', '1609952922000');
insert into feedbacks (feedback_id, project_id, user_id, user_name, feedback_text, f_timestamp) values ('6832fdcb-3493-4a75-a893-109039368043', '7EKiv3nuA5WzHQGt2ZaGoC', '2738bbb8-e29b-460b-a96d-a37adf1f488f', 'Ossie Kerne', 'Praesent blandit. Nam nulla. Integer pede justo, lacinia eget, tincidunt eget, tempus vel, pede.

Morbi porttitor lorem id ligula. Suspendisse ornare consequat lectus. In est risus, auctor sed, tristique in, tempus sit amet, sem.', '1609855939000');
insert into feedbacks (feedback_id, project_id, user_id, user_name, feedback_text, f_timestamp) values ('9b5591fe-b4f4-41b7-81c4-dd98a4cf9856', 'MuOEY6MSpJJVAUJrWIGJUD', '88cf9dd1-62f3-49ed-a0aa-ffecfb2128e5', 'Bennie Szymon', 'Nam ultrices, libero non mattis pulvinar, nulla pede ullamcorper augue, a suscipit nulla elit ac nulla. Sed vel enim sit amet nunc viverra dapibus. Nulla suscipit ligula in lacus.

Curabitur at ipsum ac tellus semper interdum. Mauris ullamcorper purus sit amet nulla. Quisque arcu libero, rutrum ac, lobortis vel, dapibus at, diam.', '1610853804000');
insert into feedbacks (feedback_id, project_id, user_id, user_name, feedback_text, f_timestamp) values ('1a2dee96-23cc-48fb-a489-388a925ada47', 'AUxQsrRFUk4HoNCzI26VeT', '2d0dbb5a-7735-4052-b478-5405c4120354', 'Merl Lippard', 'Quisque id justo sit amet sapien dignissim vestibulum. Vestibulum ante ipsum primis in faucibus orci luctus et ultrices posuere cubilia Curae; Nulla dapibus dolor vel est. Donec odio justo, sollicitudin ut, suscipit a, feugiat et, eros.', '1606840298000');
insert into feedbacks (feedback_id, project_id, user_id, user_name, feedback_text, f_timestamp) values ('e0f84c69-25b3-4d46-9c5b-8b595a670c88', 'MuOEY6MSpJJVAUJrWIGJUD', '4b6a0669-8fd9-4d44-8c9f-6d7cb046189d', 'Roy Colbrun', 'Morbi porttitor lorem id ligula. Suspendisse ornare consequat lectus. In est risus, auctor sed, tristique in, tempus sit amet, sem.

Fusce consequat. Nulla nisl. Nunc nisl.', '1605792618000');
insert into feedbacks (feedback_id, project_id, user_id, user_name, feedback_text, f_timestamp) values ('2fb77ce2-993a-436e-becd-f84fffbc483f', 'WGkLkaYQV9c4ZsvrpFXrwt', '2738bbb8-e29b-460b-a96d-a37adf1f488f', 'Ossie Kerne', 'Maecenas leo odio, condimentum id, luctus nec, molestie sed, justo. Pellentesque viverra pede ac diam. Cras pellentesque volutpat dui.', '1606924889000');
insert into feedbacks (feedback_id, project_id, user_id, user_name, feedback_text, f_timestamp) values ('b2679561-6577-4f8c-915c-de8ba7edcf65', 'MuOEY6MSpJJVAUJrWIGJUD', '2d0dbb5a-7735-4052-b478-5405c4120354', 'Merl Lippard', 'Phasellus sit amet erat. Nulla tempus. Vivamus in felis eu sapien cursus vestibulum.', '1610541381000');
insert into feedbacks (feedback_id, project_id, user_id, user_name, feedback_text, f_timestamp) values ('bee9ea7e-fd58-46e4-a41f-dbfcbcb3a704', '7EKiv3nuA5WzHQGt2ZaGoC', '4807fe48-80b6-43fc-b8ef-2b6b2de6b5ab', 'Tymon Lucy', 'Maecenas leo odio, condimentum id, luctus nec, molestie sed, justo. Pellentesque viverra pede ac diam. Cras pellentesque volutpat dui.', '1608567643000');
insert into feedbacks (feedback_id, project_id, user_id, user_name, feedback_text, f_timestamp) values ('79ec2260-ede3-4a24-946c-62f291aa1205', 'MuOEY6MSpJJVAUJrWIGJUD', '4c4756e6-e113-4db2-830b-2983af2497fd', 'Denys Grimwad', 'Duis consequat dui nec nisi volutpat eleifend. Donec ut dolor. Morbi vel lectus in quam fringilla rhoncus.', '1610955674000');
insert into feedbacks (feedback_id, project_id, user_id, user_name, feedback_text, f_timestamp) values ('3cea75bc-f7ce-42d8-b8ea-612806b441d3', 'skDKZpbPE4pYMVXrCIkLUG', '5db7c8b8-530d-4d9b-8db2-7c0b9cae8951', 'Terra Lutwidge', 'Quisque id justo sit amet sapien dignissim vestibulum. Vestibulum ante ipsum primis in faucibus orci luctus et ultrices posuere cubilia Curae; Nulla dapibus dolor vel est. Donec odio justo, sollicitudin ut, suscipit a, feugiat et, eros.

Vestibulum ac est lacinia nisi venenatis tristique. Fusce congue, diam id ornare imperdiet, sapien urna pretium nisl, ut volutpat sapien arcu sed augue. Aliquam erat volutpat.', '1609971157000');
insert into feedbacks (feedback_id, project_id, user_id, user_name, feedback_text, f_timestamp) values ('64d3c556-d264-498c-9d19-02076191ebda', '7EKiv3nuA5WzHQGt2ZaGoC', '0b2dc280-2fb5-4d8b-9200-96cf00fc1a25', 'May Whodcoat', 'Integer tincidunt ante vel ipsum. Praesent blandit lacinia erat. Vestibulum sed magna at nunc commodo placerat.

Praesent blandit. Nam nulla. Integer pede justo, lacinia eget, tincidunt eget, tempus vel, pede.', '1607689902000');
insert into feedbacks (feedback_id, project_id, user_id, user_name, feedback_text, f_timestamp) values ('6455c938-13c5-4846-a0f5-774741cfc7c4', '7EKiv3nuA5WzHQGt2ZaGoC', '4b6a0669-8fd9-4d44-8c9f-6d7cb046189d', 'Roy Colbrun', 'Vestibulum quam sapien, varius ut, blandit non, interdum in, ante. Vestibulum ante ipsum primis in faucibus orci luctus et ultrices posuere cubilia Curae; Duis faucibus accumsan odio. Curabitur convallis.', '1607519769000');
insert into feedbacks (feedback_id, project_id, user_id, user_name, feedback_text, f_timestamp) values ('00c905af-d90c-4a89-a9ac-1628c7f27901', 'AUxQsrRFUk4HoNCzI26VeT', '527ec98e-30f1-4457-b377-711a3777ddb1', 'Alon Flott', 'Duis bibendum. Morbi non quam nec dui luctus rutrum. Nulla tellus.', '1611453409000');
insert into feedbacks (feedback_id, project_id, user_id, user_name, feedback_text, f_timestamp) values ('00b94f78-add9-4aae-90fa-c3965e15e8e9', 'skDKZpbPE4pYMVXrCIkLUG', 'e32d597a-eb53-4a7a-8a6e-d1aa46bd9396', 'Flossy Lease', 'Etiam vel augue. Vestibulum rutrum rutrum neque. Aenean auctor gravida sem.

Praesent id massa id nisl venenatis lacinia. Aenean sit amet justo. Morbi ut odio.', '1609242653000');
insert into feedbacks (feedback_id, project_id, user_id, user_name, feedback_text, f_timestamp) values ('e2bd7e95-a4ca-40de-8dd7-b3bf7298511e', '7EKiv3nuA5WzHQGt2ZaGoC', '84993557-73b4-4655-b16f-90a906c06c28', 'Patrick Rayburn', 'Praesent id massa id nisl venenatis lacinia. Aenean sit amet justo. Morbi ut odio.

Cras mi pede, malesuada in, imperdiet et, commodo vulputate, justo. In blandit ultrices enim. Lorem ipsum dolor sit amet, consectetuer adipiscing elit.', '1610616954000');
insert into feedbacks (feedback_id, project_id, user_id, user_name, feedback_text, f_timestamp) values ('d9f525f1-0fe3-42d8-950b-2dcd4cc868a5', 'WGkLkaYQV9c4ZsvrpFXrwt', '4b6a0669-8fd9-4d44-8c9f-6d7cb046189d', 'Roy Colbrun', 'Cras mi pede, malesuada in, imperdiet et, commodo vulputate, justo. In blandit ultrices enim. Lorem ipsum dolor sit amet, consectetuer adipiscing elit.

Proin interdum mauris non ligula pellentesque ultrices. Phasellus id sapien in sapien iaculis congue. Vivamus metus arcu, adipiscing molestie, hendrerit at, vulputate vitae, nisl.', '1608735675000');
insert into feedbacks (feedback_id, project_id, user_id, user_name, feedback_text, f_timestamp) values ('259b28d4-094f-4f2e-8261-a6380de38d42', 'skDKZpbPE4pYMVXrCIkLUG', '2738bbb8-e29b-460b-a96d-a37adf1f488f', 'Ossie Kerne', 'In congue. Etiam justo. Etiam pretium iaculis justo.

In hac habitasse platea dictumst. Etiam faucibus cursus urna. Ut tellus.', '1606909970000');
insert into feedbacks (feedback_id, project_id, user_id, user_name, feedback_text, f_timestamp) values ('2973b3b3-bd5b-4d8f-9a24-c7630fff4c97', 'skDKZpbPE4pYMVXrCIkLUG', '2d0dbb5a-7735-4052-b478-5405c4120354', 'Merl Lippard', 'Proin leo odio, porttitor id, consequat in, consequat ut, nulla. Sed accumsan felis. Ut at dolor quis odio consequat varius.

Integer ac leo. Pellentesque ultrices mattis odio. Donec vitae nisi.', '1608846842000');
insert into feedbacks (feedback_id, project_id, user_id, user_name, feedback_text, f_timestamp) values ('70e02052-f639-4295-8c05-ce6146f3ed9a', 'MuOEY6MSpJJVAUJrWIGJUD', '212d7c4c-ebee-47c7-acb8-83420f6ac2f3', 'Nonna Zohrer', 'Duis aliquam convallis nunc. Proin at turpis a pede posuere nonummy. Integer non velit.', '1607544376000');
insert into feedbacks (feedback_id, project_id, user_id, user_name, feedback_text, f_timestamp) values ('38fa508b-b03d-483a-86ec-6cd6fcb88b24', '7EKiv3nuA5WzHQGt2ZaGoC', 'a574d601-4be4-4499-8f98-7f2b2e168e0e', 'Christiana Katt', 'Sed sagittis. Nam congue, risus semper porta volutpat, quam pede lobortis ligula, sit amet eleifend pede libero quis orci. Nullam molestie nibh in lectus.

Pellentesque at nulla. Suspendisse potenti. Cras in purus eu magna vulputate luctus.', '1607442705000');
insert into feedbacks (feedback_id, project_id, user_id, user_name, feedback_text, f_timestamp) values ('10938348-2971-4a1a-a250-16ad32d7b87b', 'skDKZpbPE4pYMVXrCIkLUG', '88cf9dd1-62f3-49ed-a0aa-ffecfb2128e5', 'Bennie Szymon', 'Phasellus sit amet erat. Nulla tempus. Vivamus in felis eu sapien cursus vestibulum.', '1607974179000');
insert into feedbacks (feedback_id, project_id, user_id, user_name, feedback_text, f_timestamp) values ('5b18a624-de07-4cc0-8a0c-50ce1b938c95', 'WGkLkaYQV9c4ZsvrpFXrwt', '7a9399af-e5f4-412f-a3c9-90cff9c23a54', 'Astrid Burdus', 'Duis bibendum, felis sed interdum venenatis, turpis enim blandit mi, in porttitor pede justo eu massa. Donec dapibus. Duis at velit eu est congue elementum.

In hac habitasse platea dictumst. Morbi vestibulum, velit id pretium iaculis, diam erat fermentum justo, nec condimentum neque sapien placerat ante. Nulla justo.', '1607190955000');
insert into votes (vote_id, feedback_id, user_id, vote, v_timestamp) values ('659d1eb1-7d0e-412b-823c-79390dd3c811', '0c82c2ad-de67-4287-93c9-d3d40c221005', 'e32d597a-eb53-4a7a-8a6e-d1aa46bd9396', 1, '1606939366000') on conflict (feedback_id, user_id) do nothing;
insert into votes (vote_id, feedback_id, user_id, vote, v_timestamp) values ('9604ac45-52eb-4dde-9a9f-f5d07bc3e675', '38fa508b-b03d-483a-86ec-6cd6fcb88b24', 'a574d601-4be4-4499-8f98-7f2b2e168e0e', 1, '1612029820000') on conflict (feedback_id, user_id) do nothing;
insert into votes (vote_id, feedback_id, user_id, vote, v_timestamp) values ('9ff52aaa-a094-4a7f-ac08-9223a90e379a', 'abe6d57f-772b-4359-b0e3-daacda141adb', 'd61ef908-5f01-4a41-b828-2284cb1125ff', 1, '1609687932000') on conflict (feedback_id, user_id) do nothing;
insert into votes (vote_id, feedback_id, user_id, vote, v_timestamp) values ('14b43e6a-d443-4f33-9290-17bded312526', '9c848b2c-f45e-4650-8350-1a8adf2b38dc', 'c4c68995-d0a0-4515-94b4-78551007f341', 1, '1605729926000') on conflict (feedback_id, user_id) do nothing;
insert into votes (vote_id, feedback_id, user_id, vote, v_timestamp) values ('2c57ad69-3c54-467f-895c-64a610e13111', '4e2e0932-cd9b-4dc8-b742-19a548246656', '4c4756e6-e113-4db2-830b-2983af2497fd', 1, '1607355151000') on conflict (feedback_id, user_id) do nothing;
insert into votes (vote_id, feedback_id, user_id, vote, v_timestamp) values ('9489b9d8-27c7-4754-b6d6-2d7a921c5e17', '10938348-2971-4a1a-a250-16ad32d7b87b', '0b2dc280-2fb5-4d8b-9200-96cf00fc1a25', -1, '1611214374000') on conflict (feedback_id, user_id) do nothing;
insert into votes (vote_id, feedback_id, user_id, vote, v_timestamp) values ('e9a338ce-2a18-4d73-8282-b1c9ba12ed80', '45d5aeef-47c4-4455-a644-b68e222cc395', 'a67850fe-36a6-4ef8-989b-d5c663bb6570', 1, '1604883814000') on conflict (feedback_id, user_id) do nothing;
insert into votes (vote_id, feedback_id, user_id, vote, v_timestamp) values ('71078444-6d17-45aa-a34e-4e5047374a0a', '8b7c3530-be25-490f-b25e-8ccad5ac46ab', '7a9399af-e5f4-412f-a3c9-90cff9c23a54', 1, '1608188713000') on conflict (feedback_id, user_id) do nothing;
insert into votes (vote_id, feedback_id, user_id, vote, v_timestamp) values ('29384e3c-5196-47c2-9d93-299be70502db', 'b2e4d454-cbc7-4712-a5b1-85ce5cf2bfd4', 'e32d597a-eb53-4a7a-8a6e-d1aa46bd9396', -1, '1611922940000') on conflict (feedback_id, user_id) do nothing;
insert into votes (vote_id, feedback_id, user_id, vote, v_timestamp) values ('290051f4-c29e-464e-a1c1-576034fdbaef', 'bee9ea7e-fd58-46e4-a41f-dbfcbcb3a704', 'c7103201-bb1e-4692-a756-1c7b5689c01d', 1, '1603961205000') on conflict (feedback_id, user_id) do nothing;
insert into votes (vote_id, feedback_id, user_id, vote, v_timestamp) values ('de38cb8f-c5cc-4eb4-b663-d3a455d89aa1', '70e02052-f639-4295-8c05-ce6146f3ed9a', '2d0dbb5a-7735-4052-b478-5405c4120354', 1, '1611652317000') on conflict (feedback_id, user_id) do nothing;
insert into votes (vote_id, feedback_id, user_id, vote, v_timestamp) values ('130e3913-281f-4477-b2ed-7a06b7b5e21f', 'aaedbce6-bb57-4214-b52b-e6839a0214d9', '1f419c69-9f2b-417b-bf47-ec96dcaec10e', 1, '1604323020000') on conflict (feedback_id, user_id) do nothing;
insert into votes (vote_id, feedback_id, user_id, vote, v_timestamp) values ('60466efc-2d39-4176-b020-16b3b392ad82', '00b94f78-add9-4aae-90fa-c3965e15e8e9', '41c8e14a-0245-4e8d-90b8-95a009973899', 1, '1604662813000') on conflict (feedback_id, user_id) do nothing;
insert into votes (vote_id, feedback_id, user_id, vote, v_timestamp) values ('a25bbb12-4b04-4ddd-bfd3-cb63f2478083', '8b26fa03-b967-4118-bd42-3d192beaba75', '4c4756e6-e113-4db2-830b-2983af2497fd', -1, '1606612694000') on conflict (feedback_id, user_id) do nothing;
insert into votes (vote_id, feedback_id, user_id, vote, v_timestamp) values ('acf93eee-08fe-4ac9-bd2d-6a740a7b58e3', 'c77fe95c-2d22-4a80-bd63-bfa265ed07d5', '3497c637-70b7-429a-a0a4-5e4756e1da7f', -1, '1608467731000') on conflict (feedback_id, user_id) do nothing;
insert into votes (vote_id, feedback_id, user_id, vote, v_timestamp) values ('505ef630-95c8-4ad2-bcaf-ac659683aecd', '4e2e0932-cd9b-4dc8-b742-19a548246656', '4807fe48-80b6-43fc-b8ef-2b6b2de6b5ab', 1, '1611729442000') on conflict (feedback_id, user_id) do nothing;
insert into votes (vote_id, feedback_id, user_id, vote, v_timestamp) values ('efcac8aa-f44e-4f33-ac8d-2060fdea8532', '0b73f746-6a72-4101-b374-f82a0e4e5ebb', 'd61ef908-5f01-4a41-b828-2284cb1125ff', -1, '1604107861000') on conflict (feedback_id, user_id) do nothing;
insert into votes (vote_id, feedback_id, user_id, vote, v_timestamp) values ('ea38b86a-d41d-4b59-a8e5-4bf60f7550a5', '70e02052-f639-4295-8c05-ce6146f3ed9a', '0b2dc280-2fb5-4d8b-9200-96cf00fc1a25', 1, '1609623157000') on conflict (feedback_id, user_id) do nothing;
insert into votes (vote_id, feedback_id, user_id, vote, v_timestamp) values ('ee405fbe-ff12-4d75-a67c-18f745660df3', '9c848b2c-f45e-4650-8350-1a8adf2b38dc', '8eb7033e-8baf-42d1-8238-1956cf7df0df', -1, '1611779004000') on conflict (feedback_id, user_id) do nothing;
insert into votes (vote_id, feedback_id, user_id, vote, v_timestamp) values ('25e55e0e-8ef7-4bd9-8ab1-2c86af284403', '4405f4a4-b749-4a5b-bf30-3290f460bda2', '527ec98e-30f1-4457-b377-711a3777ddb1', 1, '1612256766000') on conflict (feedback_id, user_id) do nothing;
insert into votes (vote_id, feedback_id, user_id, vote, v_timestamp) values ('977a7af3-35a6-4e45-892f-a0b9d05fe650', '38fa508b-b03d-483a-86ec-6cd6fcb88b24', '41c8e14a-0245-4e8d-90b8-95a009973899', 1, '1609573725000') on conflict (feedback_id, user_id) do nothing;
insert into votes (vote_id, feedback_id, user_id, vote, v_timestamp) values ('ef961dfa-8b4f-4fa0-a65b-ba09430f065a', '1a2dee96-23cc-48fb-a489-388a925ada47', '88cf9dd1-62f3-49ed-a0aa-ffecfb2128e5', -1, '1608364678000') on conflict (feedback_id, user_id) do nothing;
insert into votes (vote_id, feedback_id, user_id, vote, v_timestamp) values ('b04130ce-f939-4af7-ba6f-7e52ff9fbbbd', '3cea75bc-f7ce-42d8-b8ea-612806b441d3', 'c4c68995-d0a0-4515-94b4-78551007f341', -1, '1606948703000') on conflict (feedback_id, user_id) do nothing;
insert into votes (vote_id, feedback_id, user_id, vote, v_timestamp) values ('a64fd7dc-5bb5-4025-a632-81288aff487e', '259b28d4-094f-4f2e-8261-a6380de38d42', '212d7c4c-ebee-47c7-acb8-83420f6ac2f3', -1, '1608945496000') on conflict (feedback_id, user_id) do nothing;
insert into votes (vote_id, feedback_id, user_id, vote, v_timestamp) values ('33cdafbf-82ef-415d-b058-8546d1231035', '9c848b2c-f45e-4650-8350-1a8adf2b38dc', '4b6a0669-8fd9-4d44-8c9f-6d7cb046189d', -1, '1606548280000') on conflict (feedback_id, user_id) do nothing;
insert into votes (vote_id, feedback_id, user_id, vote, v_timestamp) values ('e1f16984-2d57-4474-9b58-28517b841d18', 'eb676012-df06-4fd7-ba30-cbe30f34a4e3', '527ec98e-30f1-4457-b377-711a3777ddb1', 1, '1612146236000') on conflict (feedback_id, user_id) do nothing;
insert into votes (vote_id, feedback_id, user_id, vote, v_timestamp) values ('4fdc08a6-642c-49cb-9e1c-a8e7902cad72', '4b0295b5-d409-4ac0-abdb-bbb4b8fd792c', 'c7103201-bb1e-4692-a756-1c7b5689c01d', -1, '1611348175000') on conflict (feedback_id, user_id) do nothing;
insert into votes (vote_id, feedback_id, user_id, vote, v_timestamp) values ('da5ff928-8792-4ad7-8f4d-f217ae2a84a0', '9b5591fe-b4f4-41b7-81c4-dd98a4cf9856', 'e32d597a-eb53-4a7a-8a6e-d1aa46bd9396', 1, '1611994026000') on conflict (feedback_id, user_id) do nothing;
insert into votes (vote_id, feedback_id, user_id, vote, v_timestamp) values ('51fc67ce-b30e-46c7-849e-f707ea44ed01', '9b5da824-eb47-43ea-87ff-cbf500c9cbe7', 'c4c68995-d0a0-4515-94b4-78551007f341', -1, '1604635389000') on conflict (feedback_id, user_id) do nothing;
insert into votes (vote_id, feedback_id, user_id, vote, v_timestamp) values ('1239c2c9-bb59-46e2-ab9a-c8f08fcc8960', 'c77fe95c-2d22-4a80-bd63-bfa265ed07d5', '273dd52d-59d1-4442-9379-182f420b2e04', 1, '1610376974000') on conflict (feedback_id, user_id) do nothing;
insert into votes (vote_id, feedback_id, user_id, vote, v_timestamp) values ('2d0776b1-1698-40cd-af83-e5b873416f5e', 'b23cbc1b-af54-4fff-b326-d1d98a6d51ad', 'c4c68995-d0a0-4515-94b4-78551007f341', -1, '1608265495000') on conflict (feedback_id, user_id) do nothing;
insert into votes (vote_id, feedback_id, user_id, vote, v_timestamp) values ('67b8c21e-22e1-46d7-8ea2-55094236c2a0', '38fa508b-b03d-483a-86ec-6cd6fcb88b24', 'c7103201-bb1e-4692-a756-1c7b5689c01d', -1, '1609561957000') on conflict (feedback_id, user_id) do nothing;
insert into votes (vote_id, feedback_id, user_id, vote, v_timestamp) values ('ffa9b35d-3188-4c63-b8ac-aea8d58c452c', 'abe6d57f-772b-4359-b0e3-daacda141adb', '41c8e14a-0245-4e8d-90b8-95a009973899', -1, '1604716021000') on conflict (feedback_id, user_id) do nothing;
insert into votes (vote_id, feedback_id, user_id, vote, v_timestamp) values ('a6a90bf3-f3c0-40cb-a2a2-ae4972fadc88', '6832fdcb-3493-4a75-a893-109039368043', 'cc7c954e-dffe-4ac7-9214-fe337e611c64', 1, '1605452488000') on conflict (feedback_id, user_id) do nothing;
insert into votes (vote_id, feedback_id, user_id, vote, v_timestamp) values ('e3b0d7c6-8e5f-49e6-9b08-42b4ce170443', '6832fdcb-3493-4a75-a893-109039368043', 'a67850fe-36a6-4ef8-989b-d5c663bb6570', 1, '1605376968000') on conflict (feedback_id, user_id) do nothing;
insert into votes (vote_id, feedback_id, user_id, vote, v_timestamp) values ('d4de8325-e359-49a6-aaae-9f8960b8ea41', 'c968aaa6-00c6-4d4f-814d-6eac613527d4', 'e32d597a-eb53-4a7a-8a6e-d1aa46bd9396', 1, '1605031789000') on conflict (feedback_id, user_id) do nothing;
insert into votes (vote_id, feedback_id, user_id, vote, v_timestamp) values ('40fb3225-0641-4035-b36a-9a90cf0d95d9', '3cea75bc-f7ce-42d8-b8ea-612806b441d3', '4807fe48-80b6-43fc-b8ef-2b6b2de6b5ab', -1, '1611847507000') on conflict (feedback_id, user_id) do nothing;
insert into votes (vote_id, feedback_id, user_id, vote, v_timestamp) values ('22ac1b34-dc31-4c42-8d90-677febc4eae1', 'c968aaa6-00c6-4d4f-814d-6eac613527d4', '7a9399af-e5f4-412f-a3c9-90cff9c23a54', -1, '1610825898000') on conflict (feedback_id, user_id) do nothing;
insert into votes (vote_id, feedback_id, user_id, vote, v_timestamp) values ('5647bb81-a8a6-421e-8f77-eea0843d5197', 'd9f525f1-0fe3-42d8-950b-2dcd4cc868a5', 'a574d601-4be4-4499-8f98-7f2b2e168e0e', -1, '1604976889000') on conflict (feedback_id, user_id) do nothing;
insert into votes (vote_id, feedback_id, user_id, vote, v_timestamp) values ('afe15d71-969c-4b79-8f4a-202c6ac4337f', '9b5591fe-b4f4-41b7-81c4-dd98a4cf9856', '5db7c8b8-530d-4d9b-8db2-7c0b9cae8951', 1, '1610157523000') on conflict (feedback_id, user_id) do nothing;
insert into votes (vote_id, feedback_id, user_id, vote, v_timestamp) values ('d4ad7e81-b13a-439e-9f5c-9becd479d2a5', '1a2dee96-23cc-48fb-a489-388a925ada47', '2738bbb8-e29b-460b-a96d-a37adf1f488f', -1, '1604428708000') on conflict (feedback_id, user_id) do nothing;
insert into votes (vote_id, feedback_id, user_id, vote, v_timestamp) values ('1625a7eb-3dba-4261-81a6-080ff853424f', '7f0de213-0939-456f-bb48-15060af3d9e3', 'cc7c954e-dffe-4ac7-9214-fe337e611c64', -1, '1608359130000') on conflict (feedback_id, user_id) do nothing;
insert into votes (vote_id, feedback_id, user_id, vote, v_timestamp) values ('fb97ccd0-1ffa-47f7-9880-b04f49b197a2', '4405f4a4-b749-4a5b-bf30-3290f460bda2', 'a574d601-4be4-4499-8f98-7f2b2e168e0e', 1, '1611374716000') on conflict (feedback_id, user_id) do nothing;
insert into votes (vote_id, feedback_id, user_id, vote, v_timestamp) values ('d308501e-a30f-4517-b389-864f2a4d6b96', 'd9f525f1-0fe3-42d8-950b-2dcd4cc868a5', '2d0dbb5a-7735-4052-b478-5405c4120354', -1, '1608972833000') on conflict (feedback_id, user_id) do nothing;
insert into votes (vote_id, feedback_id, user_id, vote, v_timestamp) values ('70bdcd52-2682-4040-b5f3-871a6f7c390d', '2fb77ce2-993a-436e-becd-f84fffbc483f', '212d7c4c-ebee-47c7-acb8-83420f6ac2f3', -1, '1607157976000') on conflict (feedback_id, user_id) do nothing;
insert into votes (vote_id, feedback_id, user_id, vote, v_timestamp) values ('3cc42342-88c9-4d0d-91b5-0d51f3dd71ba', '2973b3b3-bd5b-4d8f-9a24-c7630fff4c97', 'c7103201-bb1e-4692-a756-1c7b5689c01d', -1, '1606533671000') on conflict (feedback_id, user_id) do nothing;
insert into votes (vote_id, feedback_id, user_id, vote, v_timestamp) values ('86bdc2e0-66fa-42c9-8393-ab39b687183b', 'b45c1059-2914-4b7b-81f7-1d77c0b7279b', '41c8e14a-0245-4e8d-90b8-95a009973899', 1, '1611536650000') on conflict (feedback_id, user_id) do nothing;
insert into votes (vote_id, feedback_id, user_id, vote, v_timestamp) values ('41875fdd-a713-4942-83ec-35d556898f1b', 'abe6d57f-772b-4359-b0e3-daacda141adb', '4807fe48-80b6-43fc-b8ef-2b6b2de6b5ab', 1, '1607178825000') on conflict (feedback_id, user_id) do nothing;
insert into votes (vote_id, feedback_id, user_id, vote, v_timestamp) values ('4e0221e4-ff71-4585-9851-a8f7b0e59769', '8b26fa03-b967-4118-bd42-3d192beaba75', 'd61ef908-5f01-4a41-b828-2284cb1125ff', 1, '1606707190000') on conflict (feedback_id, user_id) do nothing;
insert into votes (vote_id, feedback_id, user_id, vote, v_timestamp) values ('f438f1c9-c69d-43f8-9c88-5fd03df72af6', '6832fdcb-3493-4a75-a893-109039368043', 'e32d597a-eb53-4a7a-8a6e-d1aa46bd9396', 1, '1606812289000') on conflict (feedback_id, user_id) do nothing;
insert into votes (vote_id, feedback_id, user_id, vote, v_timestamp) values ('32729281-a1ca-439d-8c41-e3f4f74947bb', '1a2dee96-23cc-48fb-a489-388a925ada47', '4c4756e6-e113-4db2-830b-2983af2497fd', -1, '1604298288000') on conflict (feedback_id, user_id) do nothing;
insert into votes (vote_id, feedback_id, user_id, vote, v_timestamp) values ('43710855-b0a8-48df-a8cf-dba4697f911b', '7f0de213-0939-456f-bb48-15060af3d9e3', '0b2dc280-2fb5-4d8b-9200-96cf00fc1a25', -1, '1611346795000') on conflict (feedback_id, user_id) do nothing;
insert into votes (vote_id, feedback_id, user_id, vote, v_timestamp) values ('7f14b471-ac50-4b7d-b383-e86884725b15', 'b2679561-6577-4f8c-915c-de8ba7edcf65', 'c7103201-bb1e-4692-a756-1c7b5689c01d', 1, '1605813199000') on conflict (feedback_id, user_id) do nothing;
insert into votes (vote_id, feedback_id, user_id, vote, v_timestamp) values ('fffa8f1c-e4c0-4b74-a919-829b5a55cea7', 'd9f525f1-0fe3-42d8-950b-2dcd4cc868a5', '4807fe48-80b6-43fc-b8ef-2b6b2de6b5ab', -1, '1606252566000') on conflict (feedback_id, user_id) do nothing;
insert into votes (vote_id, feedback_id, user_id, vote, v_timestamp) values ('b1a96ee9-b71a-4c2f-a6f0-0924a8109ce8', '8b26fa03-b967-4118-bd42-3d192beaba75', 'a67850fe-36a6-4ef8-989b-d5c663bb6570', -1, '1611550964000') on conflict (feedback_id, user_id) do nothing;
insert into votes (vote_id, feedback_id, user_id, vote, v_timestamp) values ('53c46660-120a-4313-a8f4-d5e8d56d5594', '5cf45183-0915-4aba-8246-a78aa754ce13', 'a67850fe-36a6-4ef8-989b-d5c663bb6570', 1, '1604923604000') on conflict (feedback_id, user_id) do nothing;
insert into votes (vote_id, feedback_id, user_id, vote, v_timestamp) values ('b0f15618-fec3-48d8-95b9-69075c45afd6', 'b2679561-6577-4f8c-915c-de8ba7edcf65', 'a574d601-4be4-4499-8f98-7f2b2e168e0e', 1, '1604302138000') on conflict (feedback_id, user_id) do nothing;
insert into votes (vote_id, feedback_id, user_id, vote, v_timestamp) values ('dcdfd978-df6c-4f89-91d1-db4645dd0e3a', '6455c938-13c5-4846-a0f5-774741cfc7c4', 'a574d601-4be4-4499-8f98-7f2b2e168e0e', -1, '1608805251000') on conflict (feedback_id, user_id) do nothing;
insert into votes (vote_id, feedback_id, user_id, vote, v_timestamp) values ('76f08e4e-35be-4cb0-ba13-a0a6b2603ab1', 'eb676012-df06-4fd7-ba30-cbe30f34a4e3', '2d0dbb5a-7735-4052-b478-5405c4120354', 1, '1607064696000') on conflict (feedback_id, user_id) do nothing;
insert into votes (vote_id, feedback_id, user_id, vote, v_timestamp) values ('6cecfd7c-2448-43dc-8a1f-b7c0470c3288', 'b2679561-6577-4f8c-915c-de8ba7edcf65', '88cf9dd1-62f3-49ed-a0aa-ffecfb2128e5', -1, '1605802768000') on conflict (feedback_id, user_id) do nothing;
insert into votes (vote_id, feedback_id, user_id, vote, v_timestamp) values ('25c3e57d-c52f-4441-93f5-3a92e84e9ade', '7f0de213-0939-456f-bb48-15060af3d9e3', 'a574d601-4be4-4499-8f98-7f2b2e168e0e', -1, '1606696068000') on conflict (feedback_id, user_id) do nothing;
insert into votes (vote_id, feedback_id, user_id, vote, v_timestamp) values ('7eea63ec-c364-4c35-a1e8-748579ff2596', '6455c938-13c5-4846-a0f5-774741cfc7c4', '2738bbb8-e29b-460b-a96d-a37adf1f488f', -1, '1607087660000') on conflict (feedback_id, user_id) do nothing;
insert into votes (vote_id, feedback_id, user_id, vote, v_timestamp) values ('01b481ce-03ea-4c54-a689-0da2c6412a43', '8b7c3530-be25-490f-b25e-8ccad5ac46ab', 'a574d601-4be4-4499-8f98-7f2b2e168e0e', 1, '1605064794000') on conflict (feedback_id, user_id) do nothing;
insert into votes (vote_id, feedback_id, user_id, vote, v_timestamp) values ('d030347f-b2bd-405a-9dfc-937db527034c', '00b94f78-add9-4aae-90fa-c3965e15e8e9', '88cf9dd1-62f3-49ed-a0aa-ffecfb2128e5', 1, '1612125797000') on conflict (feedback_id, user_id) do nothing;
insert into votes (vote_id, feedback_id, user_id, vote, v_timestamp) values ('6f2de360-6b38-472d-942e-4dd0fd6b0970', 'e2bd7e95-a4ca-40de-8dd7-b3bf7298511e', '2738bbb8-e29b-460b-a96d-a37adf1f488f', -1, '1605211584000') on conflict (feedback_id, user_id) do nothing;
insert into votes (vote_id, feedback_id, user_id, vote, v_timestamp) values ('f221adca-55fa-4bbb-872f-68fe0b56e679', '1a2dee96-23cc-48fb-a489-388a925ada47', '4b6a0669-8fd9-4d44-8c9f-6d7cb046189d', 1, '1609427108000') on conflict (feedback_id, user_id) do nothing;
insert into votes (vote_id, feedback_id, user_id, vote, v_timestamp) values ('b2097e6f-1397-4a70-b143-f04c0a65c241', '6832fdcb-3493-4a75-a893-109039368043', 'c7103201-bb1e-4692-a756-1c7b5689c01d', 1, '1606980392000') on conflict (feedback_id, user_id) do nothing;
insert into votes (vote_id, feedback_id, user_id, vote, v_timestamp) values ('9387a11f-82ba-4287-987f-c6058e1d766b', '9b5da824-eb47-43ea-87ff-cbf500c9cbe7', '84993557-73b4-4655-b16f-90a906c06c28', -1, '1606733875000') on conflict (feedback_id, user_id) do nothing;
insert into votes (vote_id, feedback_id, user_id, vote, v_timestamp) values ('321e5745-f786-4408-825d-8045bc08f63a', '00b94f78-add9-4aae-90fa-c3965e15e8e9', 'a67850fe-36a6-4ef8-989b-d5c663bb6570', -1, '1605997325000') on conflict (feedback_id, user_id) do nothing;
insert into votes (vote_id, feedback_id, user_id, vote, v_timestamp) values ('69a605d8-c2ab-41c7-b15b-835173566e17', '0a089831-f830-48dd-8f0e-5598b815cce5', '4b6a0669-8fd9-4d44-8c9f-6d7cb046189d', -1, '1608622156000') on conflict (feedback_id, user_id) do nothing;
insert into votes (vote_id, feedback_id, user_id, vote, v_timestamp) values ('faf79975-4f76-48e6-882a-84cddbad2b12', '4405f4a4-b749-4a5b-bf30-3290f460bda2', '4807fe48-80b6-43fc-b8ef-2b6b2de6b5ab', -1, '1606241761000') on conflict (feedback_id, user_id) do nothing;
insert into votes (vote_id, feedback_id, user_id, vote, v_timestamp) values ('cd1d887f-49d0-45e3-b082-570139fff70e', '5cf45183-0915-4aba-8246-a78aa754ce13', '8eb7033e-8baf-42d1-8238-1956cf7df0df', -1, '1605991858000') on conflict (feedback_id, user_id) do nothing;
insert into votes (vote_id, feedback_id, user_id, vote, v_timestamp) values ('c896e0af-b0bb-4b76-bc7a-df4679dc9a79', '259b28d4-094f-4f2e-8261-a6380de38d42', 'cc7c954e-dffe-4ac7-9214-fe337e611c64', -1, '1605933048000') on conflict (feedback_id, user_id) do nothing;
insert into votes (vote_id, feedback_id, user_id, vote, v_timestamp) values ('a7132d19-7f4a-4440-826f-75864b3b95de', '7f0de213-0939-456f-bb48-15060af3d9e3', 'bfe0d540-653b-475a-a20c-2ac1297ac7c0', -1, '1611206288000') on conflict (feedback_id, user_id) do nothing;
insert into votes (vote_id, feedback_id, user_id, vote, v_timestamp) values ('57730235-6b94-491d-a25c-e4b42aa9be80', '45d5aeef-47c4-4455-a644-b68e222cc395', '8eb7033e-8baf-42d1-8238-1956cf7df0df', -1, '1605323420000') on conflict (feedback_id, user_id) do nothing;
insert into votes (vote_id, feedback_id, user_id, vote, v_timestamp) values ('a91e4f6a-fc89-4303-b0fc-164041a51cd8', 'd9f525f1-0fe3-42d8-950b-2dcd4cc868a5', '212d7c4c-ebee-47c7-acb8-83420f6ac2f3', 1, '1609676519000') on conflict (feedback_id, user_id) do nothing;
insert into votes (vote_id, feedback_id, user_id, vote, v_timestamp) values ('2b0a2b02-632d-4f3d-8092-31f0e160ab46', '4b0295b5-d409-4ac0-abdb-bbb4b8fd792c', '88cf9dd1-62f3-49ed-a0aa-ffecfb2128e5', 1, '1605560483000') on conflict (feedback_id, user_id) do nothing;
insert into votes (vote_id, feedback_id, user_id, vote, v_timestamp) values ('fc69327e-c0aa-42fa-8fa0-85522897deda', 'abe6d57f-772b-4359-b0e3-daacda141adb', '2d0dbb5a-7735-4052-b478-5405c4120354', 1, '1606601927000') on conflict (feedback_id, user_id) do nothing;
insert into votes (vote_id, feedback_id, user_id, vote, v_timestamp) values ('c913e179-aa4d-471a-8b8f-d6bc4279a264', 'daf6855f-3a1d-498e-8620-60d309e609aa', '4807fe48-80b6-43fc-b8ef-2b6b2de6b5ab', 1, '1611470702000') on conflict (feedback_id, user_id) do nothing;
insert into votes (vote_id, feedback_id, user_id, vote, v_timestamp) values ('4ce36769-9894-45d7-bd97-34f83413c69f', '3cea75bc-f7ce-42d8-b8ea-612806b441d3', 'a67850fe-36a6-4ef8-989b-d5c663bb6570', -1, '1611197721000') on conflict (feedback_id, user_id) do nothing;
insert into votes (vote_id, feedback_id, user_id, vote, v_timestamp) values ('123b0f0c-b9b7-49d2-8d93-4e5e0532ae92', '9c848b2c-f45e-4650-8350-1a8adf2b38dc', '88cf9dd1-62f3-49ed-a0aa-ffecfb2128e5', -1, '1612264110000') on conflict (feedback_id, user_id) do nothing;
insert into votes (vote_id, feedback_id, user_id, vote, v_timestamp) values ('95dfd12f-9f9e-4876-acfb-4dc5ce17a042', '00b94f78-add9-4aae-90fa-c3965e15e8e9', 'a67850fe-36a6-4ef8-989b-d5c663bb6570', 1, '1611362918000') on conflict (feedback_id, user_id) do nothing;
insert into votes (vote_id, feedback_id, user_id, vote, v_timestamp) values ('61725898-9522-43d9-8ed8-7622022020fc', 'c77fe95c-2d22-4a80-bd63-bfa265ed07d5', '88cf9dd1-62f3-49ed-a0aa-ffecfb2128e5', 1, '1605620415000') on conflict (feedback_id, user_id) do nothing;
insert into votes (vote_id, feedback_id, user_id, vote, v_timestamp) values ('968b64fa-bf3c-4266-bc21-57362037095e', '9b5da824-eb47-43ea-87ff-cbf500c9cbe7', '1f419c69-9f2b-417b-bf47-ec96dcaec10e', -1, '1610341567000') on conflict (feedback_id, user_id) do nothing;
insert into votes (vote_id, feedback_id, user_id, vote, v_timestamp) values ('2d46c3e5-3212-4eb2-bff9-da23ae6110d6', 'c968aaa6-00c6-4d4f-814d-6eac613527d4', '212d7c4c-ebee-47c7-acb8-83420f6ac2f3', -1, '1605251793000') on conflict (feedback_id, user_id) do nothing;
insert into votes (vote_id, feedback_id, user_id, vote, v_timestamp) values ('074f46c3-2cc5-4ee8-a5f6-6c668c96c3f9', 'b2679561-6577-4f8c-915c-de8ba7edcf65', 'd61ef908-5f01-4a41-b828-2284cb1125ff', -1, '1610733917000') on conflict (feedback_id, user_id) do nothing;
insert into votes (vote_id, feedback_id, user_id, vote, v_timestamp) values ('470f0881-0bcc-4d8a-8d17-d0ee3a3000e0', '9b5591fe-b4f4-41b7-81c4-dd98a4cf9856', '7a9399af-e5f4-412f-a3c9-90cff9c23a54', -1, '1607163450000') on conflict (feedback_id, user_id) do nothing;
insert into votes (vote_id, feedback_id, user_id, vote, v_timestamp) values ('5808df31-d068-4928-b83d-4aa9120b0236', '8b26fa03-b967-4118-bd42-3d192beaba75', 'e32d597a-eb53-4a7a-8a6e-d1aa46bd9396', 1, '1610795871000') on conflict (feedback_id, user_id) do nothing;
insert into votes (vote_id, feedback_id, user_id, vote, v_timestamp) values ('e848adc8-9052-460d-8b00-2955ebc78dd1', '0a089831-f830-48dd-8f0e-5598b815cce5', '273dd52d-59d1-4442-9379-182f420b2e04', 1, '1611355227000') on conflict (feedback_id, user_id) do nothing;
insert into votes (vote_id, feedback_id, user_id, vote, v_timestamp) values ('b20b7d6f-f908-47c9-a7d1-d66dc739bd8d', '9c848b2c-f45e-4650-8350-1a8adf2b38dc', '7a9399af-e5f4-412f-a3c9-90cff9c23a54', 1, '1608284705000') on conflict (feedback_id, user_id) do nothing;
insert into votes (vote_id, feedback_id, user_id, vote, v_timestamp) values ('7782efa0-0bf0-4d8c-9212-ef0d8b975359', '0b73f746-6a72-4101-b374-f82a0e4e5ebb', '41c8e14a-0245-4e8d-90b8-95a009973899', -1, '1605662928000') on conflict (feedback_id, user_id) do nothing;
insert into votes (vote_id, feedback_id, user_id, vote, v_timestamp) values ('5f8a8d08-a5ef-4354-ae22-139ed8a10754', 'daf6855f-3a1d-498e-8620-60d309e609aa', '3497c637-70b7-429a-a0a4-5e4756e1da7f', -1, '1607388706000') on conflict (feedback_id, user_id) do nothing;
insert into votes (vote_id, feedback_id, user_id, vote, v_timestamp) values ('47ed6e61-e783-46a4-a203-91defe34a048', 'e2bd7e95-a4ca-40de-8dd7-b3bf7298511e', '527ec98e-30f1-4457-b377-711a3777ddb1', -1, '1610262728000') on conflict (feedback_id, user_id) do nothing;
insert into votes (vote_id, feedback_id, user_id, vote, v_timestamp) values ('09d27628-e624-4447-8122-bd3854269c8a', '0c82c2ad-de67-4287-93c9-d3d40c221005', 'c4c68995-d0a0-4515-94b4-78551007f341', -1, '1607876438000') on conflict (feedback_id, user_id) do nothing;
insert into votes (vote_id, feedback_id, user_id, vote, v_timestamp) values ('3807659c-d496-47e5-9dd8-97807fc9fc35', '7f0de213-0939-456f-bb48-15060af3d9e3', '1f419c69-9f2b-417b-bf47-ec96dcaec10e', 1, '1604223688000') on conflict (feedback_id, user_id) do nothing;
insert into votes (vote_id, feedback_id, user_id, vote, v_timestamp) values ('7dc6df7b-91e9-4011-9fe2-291b7113c002', '030a0609-f683-4670-b7f4-80ef3056bfd8', 'c7103201-bb1e-4692-a756-1c7b5689c01d', -1, '1611525290000') on conflict (feedback_id, user_id) do nothing;
insert into votes (vote_id, feedback_id, user_id, vote, v_timestamp) values ('bfb767dd-98aa-4b14-91e8-48c1b7f7073e', 'c968aaa6-00c6-4d4f-814d-6eac613527d4', '4807fe48-80b6-43fc-b8ef-2b6b2de6b5ab', -1, '1611191574000') on conflict (feedback_id, user_id) do nothing;
insert into votes (vote_id, feedback_id, user_id, vote, v_timestamp) values ('29580fdc-e265-404d-9b2c-527e116dcd6d', '79ec2260-ede3-4a24-946c-62f291aa1205', '7a9399af-e5f4-412f-a3c9-90cff9c23a54', 1, '1610154159000') on conflict (feedback_id, user_id) do nothing;
insert into votes (vote_id, feedback_id, user_id, vote, v_timestamp) values ('5ade4b63-dcc1-4fd3-83ec-1936e69d2ab3', '7f0de213-0939-456f-bb48-15060af3d9e3', 'bfe0d540-653b-475a-a20c-2ac1297ac7c0', -1, '1606110209000') on conflict (feedback_id, user_id) do nothing;
insert into votes (vote_id, feedback_id, user_id, vote, v_timestamp) values ('cb1c69da-e321-4109-a09d-e0b7c6b51896', 'c77fe95c-2d22-4a80-bd63-bfa265ed07d5', 'e32d597a-eb53-4a7a-8a6e-d1aa46bd9396', -1, '1607752638000') on conflict (feedback_id, user_id) do nothing;
insert into votes (vote_id, feedback_id, user_id, vote, v_timestamp) values ('c015b4cd-0bb2-48c3-9ecd-fd81f1ab1d83', '2fb77ce2-993a-436e-becd-f84fffbc483f', '0b2dc280-2fb5-4d8b-9200-96cf00fc1a25', 1, '1607975409000') on conflict (feedback_id, user_id) do nothing;
insert into votes (vote_id, feedback_id, user_id, vote, v_timestamp) values ('7907abef-a3ba-4611-a4f8-972d93510415', '7f0de213-0939-456f-bb48-15060af3d9e3', 'd61ef908-5f01-4a41-b828-2284cb1125ff', 1, '1610373481000') on conflict (feedback_id, user_id) do nothing;
insert into votes (vote_id, feedback_id, user_id, vote, v_timestamp) values ('3aaeeb44-9a8c-4208-99ec-127053e4a0f3', 'c968aaa6-00c6-4d4f-814d-6eac613527d4', 'd61ef908-5f01-4a41-b828-2284cb1125ff', -1, '1610505345000') on conflict (feedback_id, user_id) do nothing;
insert into votes (vote_id, feedback_id, user_id, vote, v_timestamp) values ('9a1e9082-4ba4-4616-8df0-9f6cc61f9984', '70e02052-f639-4295-8c05-ce6146f3ed9a', '7a9399af-e5f4-412f-a3c9-90cff9c23a54', 1, '1608445101000') on conflict (feedback_id, user_id) do nothing;
insert into votes (vote_id, feedback_id, user_id, vote, v_timestamp) values ('04ad9c2d-b4a2-4ed1-a561-ad911c272617', '00c905af-d90c-4a89-a9ac-1628c7f27901', '1f419c69-9f2b-417b-bf47-ec96dcaec10e', -1, '1608629687000') on conflict (feedback_id, user_id) do nothing;
insert into votes (vote_id, feedback_id, user_id, vote, v_timestamp) values ('418953f0-8358-4cb3-9e63-eee9dd4f541d', '7f0de213-0939-456f-bb48-15060af3d9e3', '84993557-73b4-4655-b16f-90a906c06c28', 1, '1610857981000') on conflict (feedback_id, user_id) do nothing;
insert into votes (vote_id, feedback_id, user_id, vote, v_timestamp) values ('ea8b3122-cc48-4484-8d8e-c80344671099', '38fa508b-b03d-483a-86ec-6cd6fcb88b24', '2738bbb8-e29b-460b-a96d-a37adf1f488f', -1, '1607992664000') on conflict (feedback_id, user_id) do nothing;
insert into votes (vote_id, feedback_id, user_id, vote, v_timestamp) values ('ee1ed4f5-a8b0-4ed0-aee3-a2d1b0212b03', 'd9f525f1-0fe3-42d8-950b-2dcd4cc868a5', '527ec98e-30f1-4457-b377-711a3777ddb1', -1, '1605883026000') on conflict (feedback_id, user_id) do nothing;
insert into votes (vote_id, feedback_id, user_id, vote, v_timestamp) values ('cc9788d5-58b9-47e5-86c2-7ea6aaae3438', '060d5fc0-a6f6-4df9-9d07-c1d1237dc3e7', 'a574d601-4be4-4499-8f98-7f2b2e168e0e', 1, '1611606822000') on conflict (feedback_id, user_id) do nothing;
insert into votes (vote_id, feedback_id, user_id, vote, v_timestamp) values ('af85d435-30ae-40c1-808b-de2dd9335797', '45d5aeef-47c4-4455-a644-b68e222cc395', '41c8e14a-0245-4e8d-90b8-95a009973899', -1, '1612107106000') on conflict (feedback_id, user_id) do nothing;
insert into votes (vote_id, feedback_id, user_id, vote, v_timestamp) values ('07d2f39d-3ab3-4b0e-8959-ba2d297807f1', 'b45c1059-2914-4b7b-81f7-1d77c0b7279b', '2d0dbb5a-7735-4052-b478-5405c4120354', -1, '1605763102000') on conflict (feedback_id, user_id) do nothing;
insert into votes (vote_id, feedback_id, user_id, vote, v_timestamp) values ('8d59036b-884e-4006-ad60-498767080737', 'b2e4d454-cbc7-4712-a5b1-85ce5cf2bfd4', '5db7c8b8-530d-4d9b-8db2-7c0b9cae8951', 1, '1608231184000') on conflict (feedback_id, user_id) do nothing;
insert into votes (vote_id, feedback_id, user_id, vote, v_timestamp) values ('0e665418-697e-4c5c-b349-223d19537b41', 'd70bcdd7-dd87-4688-9581-28cf24952f93', 'cc7c954e-dffe-4ac7-9214-fe337e611c64', -1, '1608294413000') on conflict (feedback_id, user_id) do nothing;
insert into votes (vote_id, feedback_id, user_id, vote, v_timestamp) values ('08494d76-d52e-48ca-bd80-0adc62e8d936', 'c77fe95c-2d22-4a80-bd63-bfa265ed07d5', '7a9399af-e5f4-412f-a3c9-90cff9c23a54', -1, '1610325307000') on conflict (feedback_id, user_id) do nothing;
insert into votes (vote_id, feedback_id, user_id, vote, v_timestamp) values ('62f807b0-0fb8-4c2a-86ec-bb8106cc88d7', 'b2679561-6577-4f8c-915c-de8ba7edcf65', '2d0dbb5a-7735-4052-b478-5405c4120354', 1, '1604548566000') on conflict (feedback_id, user_id) do nothing;
insert into votes (vote_id, feedback_id, user_id, vote, v_timestamp) values ('ca230186-2b5f-4c99-9396-d18f973543ff', 'abe6d57f-772b-4359-b0e3-daacda141adb', '0b2dc280-2fb5-4d8b-9200-96cf00fc1a25', 1, '1605084703000') on conflict (feedback_id, user_id) do nothing;
insert into votes (vote_id, feedback_id, user_id, vote, v_timestamp) values ('13399f51-50bf-496c-871d-d2a43b12c0d4', '4499bd8b-8798-490f-8f4d-3f0064854b25', '8eb7033e-8baf-42d1-8238-1956cf7df0df', 1, '1605212074000') on conflict (feedback_id, user_id) do nothing;
insert into votes (vote_id, feedback_id, user_id, vote, v_timestamp) values ('77540397-493f-46e9-b06e-78fdf58f729f', 'bee9ea7e-fd58-46e4-a41f-dbfcbcb3a704', 'a67850fe-36a6-4ef8-989b-d5c663bb6570', 1, '1609631074000') on conflict (feedback_id, user_id) do nothing;
insert into votes (vote_id, feedback_id, user_id, vote, v_timestamp) values ('69052d17-814f-442f-8761-ea72d6e3fa0a', '00c905af-d90c-4a89-a9ac-1628c7f27901', 'bfe0d540-653b-475a-a20c-2ac1297ac7c0', 1, '1604007692000') on conflict (feedback_id, user_id) do nothing;
insert into votes (vote_id, feedback_id, user_id, vote, v_timestamp) values ('cacef6e0-8132-4fd9-87b8-cd377e4b9642', '38fa508b-b03d-483a-86ec-6cd6fcb88b24', '8eb7033e-8baf-42d1-8238-1956cf7df0df', 1, '1610037255000') on conflict (feedback_id, user_id) do nothing;
insert into votes (vote_id, feedback_id, user_id, vote, v_timestamp) values ('5b92039a-d2e0-420c-abef-2d02207ac243', '030a0609-f683-4670-b7f4-80ef3056bfd8', '3497c637-70b7-429a-a0a4-5e4756e1da7f', -1, '1604011306000') on conflict (feedback_id, user_id) do nothing;
insert into votes (vote_id, feedback_id, user_id, vote, v_timestamp) values ('52589f26-f54e-4356-9247-11644c29e158', '0a089831-f830-48dd-8f0e-5598b815cce5', 'd61ef908-5f01-4a41-b828-2284cb1125ff', 1, '1611081864000') on conflict (feedback_id, user_id) do nothing;
insert into votes (vote_id, feedback_id, user_id, vote, v_timestamp) values ('cbc6cc71-32db-4287-bc25-c6d4e2000df2', '64d3c556-d264-498c-9d19-02076191ebda', '88cf9dd1-62f3-49ed-a0aa-ffecfb2128e5', -1, '1608936527000') on conflict (feedback_id, user_id) do nothing;
insert into votes (vote_id, feedback_id, user_id, vote, v_timestamp) values ('385b6886-20aa-456a-9380-f1effe1423b4', '2fb77ce2-993a-436e-becd-f84fffbc483f', 'c4c68995-d0a0-4515-94b4-78551007f341', -1, '1610819523000') on conflict (feedback_id, user_id) do nothing;
insert into votes (vote_id, feedback_id, user_id, vote, v_timestamp) values ('1f52f03f-3757-4fe0-b6f8-f3a3f2788acd', 'daf6855f-3a1d-498e-8620-60d309e609aa', '3497c637-70b7-429a-a0a4-5e4756e1da7f', -1, '1604342767000') on conflict (feedback_id, user_id) do nothing;
insert into votes (vote_id, feedback_id, user_id, vote, v_timestamp) values ('98b26721-5ba0-4c34-a207-6c880e19b56e', '8b7c3530-be25-490f-b25e-8ccad5ac46ab', '4807fe48-80b6-43fc-b8ef-2b6b2de6b5ab', 1, '1606376978000') on conflict (feedback_id, user_id) do nothing;
insert into votes (vote_id, feedback_id, user_id, vote, v_timestamp) values ('22179559-6210-432c-84c3-48cfb0ec254b', 'b2679561-6577-4f8c-915c-de8ba7edcf65', 'e32d597a-eb53-4a7a-8a6e-d1aa46bd9396', -1, '1606229511000') on conflict (feedback_id, user_id) do nothing;
insert into votes (vote_id, feedback_id, user_id, vote, v_timestamp) values ('4b61c99b-efca-4034-abf5-1b7f5bb2875b', '6455c938-13c5-4846-a0f5-774741cfc7c4', 'c4c68995-d0a0-4515-94b4-78551007f341', 1, '1611324817000') on conflict (feedback_id, user_id) do nothing;
insert into votes (vote_id, feedback_id, user_id, vote, v_timestamp) values ('fcfd257a-10e3-414e-b589-dc5012a62d16', '00b94f78-add9-4aae-90fa-c3965e15e8e9', 'e32d597a-eb53-4a7a-8a6e-d1aa46bd9396', 1, '1609537281000') on conflict (feedback_id, user_id) do nothing;
insert into votes (vote_id, feedback_id, user_id, vote, v_timestamp) values ('b7c982a0-b66c-4577-81c0-9a9de272814f', '9b5591fe-b4f4-41b7-81c4-dd98a4cf9856', '84993557-73b4-4655-b16f-90a906c06c28', 1, '1610445452000') on conflict (feedback_id, user_id) do nothing;
insert into votes (vote_id, feedback_id, user_id, vote, v_timestamp) values ('1b3dade1-8562-43ab-b3a3-9785126f5ebf', '5b18a624-de07-4cc0-8a0c-50ce1b938c95', 'c7103201-bb1e-4692-a756-1c7b5689c01d', 1, '1606045295000') on conflict (feedback_id, user_id) do nothing;
insert into votes (vote_id, feedback_id, user_id, vote, v_timestamp) values ('8acb289f-8301-41ed-9276-b11b52a26653', '6832fdcb-3493-4a75-a893-109039368043', '1f419c69-9f2b-417b-bf47-ec96dcaec10e', -1, '1610142010000') on conflict (feedback_id, user_id) do nothing;
insert into votes (vote_id, feedback_id, user_id, vote, v_timestamp) values ('40692837-af73-42ba-bf3b-8b1a5adae86d', '6455c938-13c5-4846-a0f5-774741cfc7c4', '88cf9dd1-62f3-49ed-a0aa-ffecfb2128e5', 1, '1610599165000') on conflict (feedback_id, user_id) do nothing;
insert into votes (vote_id, feedback_id, user_id, vote, v_timestamp) values ('ed53fe83-ff2c-43e8-a129-d35e414e8c53', '38fa508b-b03d-483a-86ec-6cd6fcb88b24', 'cc7c954e-dffe-4ac7-9214-fe337e611c64', 1, '1611006773000') on conflict (feedback_id, user_id) do nothing;
insert into votes (vote_id, feedback_id, user_id, vote, v_timestamp) values ('8c6a5fc2-f6e7-433b-89bc-a509b2260bf4', '2fb77ce2-993a-436e-becd-f84fffbc483f', 'c4c68995-d0a0-4515-94b4-78551007f341', 1, '1609517707000') on conflict (feedback_id, user_id) do nothing;
insert into votes (vote_id, feedback_id, user_id, vote, v_timestamp) values ('4709f6a3-3f70-4d9a-9e40-ca8d1102b772', 'b2679561-6577-4f8c-915c-de8ba7edcf65', 'c4c68995-d0a0-4515-94b4-78551007f341', 1, '1607722402000') on conflict (feedback_id, user_id) do nothing;
insert into votes (vote_id, feedback_id, user_id, vote, v_timestamp) values ('8972cdd4-b6e2-4680-a62c-b92f589c61cb', '00c905af-d90c-4a89-a9ac-1628c7f27901', 'a574d601-4be4-4499-8f98-7f2b2e168e0e', 1, '1609655315000') on conflict (feedback_id, user_id) do nothing;
insert into votes (vote_id, feedback_id, user_id, vote, v_timestamp) values ('a767456a-26b4-4205-bef3-fbcc8e6e4b11', 'c77fe95c-2d22-4a80-bd63-bfa265ed07d5', '4c4756e6-e113-4db2-830b-2983af2497fd', 1, '1604152614000') on conflict (feedback_id, user_id) do nothing;
insert into votes (vote_id, feedback_id, user_id, vote, v_timestamp) values ('2fa4db76-9a7c-4ebc-9f95-69f7c5e5b169', '6832fdcb-3493-4a75-a893-109039368043', '3497c637-70b7-429a-a0a4-5e4756e1da7f', -1, '1610806413000') on conflict (feedback_id, user_id) do nothing;
insert into votes (vote_id, feedback_id, user_id, vote, v_timestamp) values ('a6b9c70f-7806-469d-aba2-3690df801b3a', '2fb77ce2-993a-436e-becd-f84fffbc483f', '2738bbb8-e29b-460b-a96d-a37adf1f488f', 1, '1611754583000') on conflict (feedback_id, user_id) do nothing;
insert into votes (vote_id, feedback_id, user_id, vote, v_timestamp) values ('6d2be48f-2c05-48cf-99e2-f2716a180c7a', '0c82c2ad-de67-4287-93c9-d3d40c221005', 'a67850fe-36a6-4ef8-989b-d5c663bb6570', -1, '1607854481000') on conflict (feedback_id, user_id) do nothing;
insert into votes (vote_id, feedback_id, user_id, vote, v_timestamp) values ('b48ffe3e-dbb9-4ef4-be9b-d136a0126106', 'c968aaa6-00c6-4d4f-814d-6eac613527d4', 'a574d601-4be4-4499-8f98-7f2b2e168e0e', 1, '1605174227000') on conflict (feedback_id, user_id) do nothing;
insert into votes (vote_id, feedback_id, user_id, vote, v_timestamp) values ('ad1ff3ec-4a50-46c7-b5d7-e33e905352e4', '38fa508b-b03d-483a-86ec-6cd6fcb88b24', 'e32d597a-eb53-4a7a-8a6e-d1aa46bd9396', 1, '1607378494000') on conflict (feedback_id, user_id) do nothing;
insert into votes (vote_id, feedback_id, user_id, vote, v_timestamp) values ('0e0277ce-c5f8-4261-a399-fe210748c3e1', '7f0de213-0939-456f-bb48-15060af3d9e3', 'c4c68995-d0a0-4515-94b4-78551007f341', -1, '1610030216000') on conflict (feedback_id, user_id) do nothing;
insert into votes (vote_id, feedback_id, user_id, vote, v_timestamp) values ('428c8ff8-8aba-408f-988f-0df34490113e', '6832fdcb-3493-4a75-a893-109039368043', '4807fe48-80b6-43fc-b8ef-2b6b2de6b5ab', 1, '1609371138000') on conflict (feedback_id, user_id) do nothing;
insert into votes (vote_id, feedback_id, user_id, vote, v_timestamp) values ('c0ab3135-a34e-4731-8a41-b6dc7429a5db', '9c848b2c-f45e-4650-8350-1a8adf2b38dc', '273dd52d-59d1-4442-9379-182f420b2e04', -1, '1610395341000') on conflict (feedback_id, user_id) do nothing;
insert into votes (vote_id, feedback_id, user_id, vote, v_timestamp) values ('e0cb9d28-20ed-4ece-a278-f0df148ec050', '8b7c3530-be25-490f-b25e-8ccad5ac46ab', '7a9399af-e5f4-412f-a3c9-90cff9c23a54', 1, '1610432501000') on conflict (feedback_id, user_id) do nothing;
insert into votes (vote_id, feedback_id, user_id, vote, v_timestamp) values ('cf1df9cf-895f-491b-83a2-91e86f0b8c5f', '030a0609-f683-4670-b7f4-80ef3056bfd8', '8eb7033e-8baf-42d1-8238-1956cf7df0df', 1, '1606940278000') on conflict (feedback_id, user_id) do nothing;
insert into votes (vote_id, feedback_id, user_id, vote, v_timestamp) values ('396145ef-10fb-4069-b384-ba0a9b2b6ef0', '64d3c556-d264-498c-9d19-02076191ebda', 'a67850fe-36a6-4ef8-989b-d5c663bb6570', 1, '1610091196000') on conflict (feedback_id, user_id) do nothing;
insert into votes (vote_id, feedback_id, user_id, vote, v_timestamp) values ('01773632-32ad-47c5-890c-187313ff0131', '64d3c556-d264-498c-9d19-02076191ebda', '2738bbb8-e29b-460b-a96d-a37adf1f488f', -1, '1605099381000') on conflict (feedback_id, user_id) do nothing;
insert into votes (vote_id, feedback_id, user_id, vote, v_timestamp) values ('687d5043-885a-435c-a113-ad4d9ec85a3c', '45d5aeef-47c4-4455-a644-b68e222cc395', 'c4c68995-d0a0-4515-94b4-78551007f341', -1, '1612240394000') on conflict (feedback_id, user_id) do nothing;
insert into votes (vote_id, feedback_id, user_id, vote, v_timestamp) values ('0e27caea-a4eb-4476-86b2-06422ee78cfc', '1bbcc19b-d9bb-4ec7-b235-95d94a9b0d79', '0b2dc280-2fb5-4d8b-9200-96cf00fc1a25', 1, '1605304859000') on conflict (feedback_id, user_id) do nothing;
insert into votes (vote_id, feedback_id, user_id, vote, v_timestamp) values ('4be176d0-8a61-4774-83aa-42804591f7a3', 'aaedbce6-bb57-4214-b52b-e6839a0214d9', 'c4c68995-d0a0-4515-94b4-78551007f341', 1, '1611690833000') on conflict (feedback_id, user_id) do nothing;
insert into votes (vote_id, feedback_id, user_id, vote, v_timestamp) values ('342e3036-ce49-4bc5-9877-8c99012a42ce', 'b2e4d454-cbc7-4712-a5b1-85ce5cf2bfd4', '527ec98e-30f1-4457-b377-711a3777ddb1', -1, '1612274004000') on conflict (feedback_id, user_id) do nothing;
insert into votes (vote_id, feedback_id, user_id, vote, v_timestamp) values ('b8aeddc8-53fe-4cb0-9657-b3758676e889', '79ec2260-ede3-4a24-946c-62f291aa1205', '527ec98e-30f1-4457-b377-711a3777ddb1', 1, '1610035440000') on conflict (feedback_id, user_id) do nothing;
insert into votes (vote_id, feedback_id, user_id, vote, v_timestamp) values ('916961ff-a599-4309-94c0-02cb83e3fbd6', '0a089831-f830-48dd-8f0e-5598b815cce5', '8eb7033e-8baf-42d1-8238-1956cf7df0df', 1, '1609041432000') on conflict (feedback_id, user_id) do nothing;
insert into votes (vote_id, feedback_id, user_id, vote, v_timestamp) values ('be9e3938-bd3c-4230-9e9b-569788a94179', '4405f4a4-b749-4a5b-bf30-3290f460bda2', '8eb7033e-8baf-42d1-8238-1956cf7df0df', 1, '1611959542000') on conflict (feedback_id, user_id) do nothing;
insert into votes (vote_id, feedback_id, user_id, vote, v_timestamp) values ('f50dd6be-52c1-4a2b-ae72-65901791d4b7', '3cea75bc-f7ce-42d8-b8ea-612806b441d3', '84993557-73b4-4655-b16f-90a906c06c28', 1, '1609211505000') on conflict (feedback_id, user_id) do nothing;
insert into votes (vote_id, feedback_id, user_id, vote, v_timestamp) values ('33c60c4f-836a-4b72-81b8-369c52f0a642', 'b2e4d454-cbc7-4712-a5b1-85ce5cf2bfd4', 'bfe0d540-653b-475a-a20c-2ac1297ac7c0', 1, '1611649243000') on conflict (feedback_id, user_id) do nothing;
insert into votes (vote_id, feedback_id, user_id, vote, v_timestamp) values ('6e28da6d-62fd-4429-bf3a-46cf728de6fe', '0a089831-f830-48dd-8f0e-5598b815cce5', '7a9399af-e5f4-412f-a3c9-90cff9c23a54', 1, '1604179447000') on conflict (feedback_id, user_id) do nothing;
insert into votes (vote_id, feedback_id, user_id, vote, v_timestamp) values ('46bf57c7-4536-4a05-b645-72019a2dce24', '4e2e0932-cd9b-4dc8-b742-19a548246656', '212d7c4c-ebee-47c7-acb8-83420f6ac2f3', 1, '1607660834000') on conflict (feedback_id, user_id) do nothing;
insert into votes (vote_id, feedback_id, user_id, vote, v_timestamp) values ('5fd25206-b017-4e3d-ab4f-23756222396f', 'e2bd7e95-a4ca-40de-8dd7-b3bf7298511e', '88cf9dd1-62f3-49ed-a0aa-ffecfb2128e5', 1, '1607316698000') on conflict (feedback_id, user_id) do nothing;
insert into votes (vote_id, feedback_id, user_id, vote, v_timestamp) values ('3d28ca45-d8b8-4e4b-9e11-e6b54f6808f2', 'd9f525f1-0fe3-42d8-950b-2dcd4cc868a5', '527ec98e-30f1-4457-b377-711a3777ddb1', 1, '1604305012000') on conflict (feedback_id, user_id) do nothing;
insert into votes (vote_id, feedback_id, user_id, vote, v_timestamp) values ('275bc649-38de-4bd6-9942-ce3a8f4f7256', '2fb77ce2-993a-436e-becd-f84fffbc483f', 'c4c68995-d0a0-4515-94b4-78551007f341', -1, '1610192448000') on conflict (feedback_id, user_id) do nothing;
insert into votes (vote_id, feedback_id, user_id, vote, v_timestamp) values ('20695503-911b-4182-8af6-be373066dfa7', 'b23cbc1b-af54-4fff-b326-d1d98a6d51ad', '1f419c69-9f2b-417b-bf47-ec96dcaec10e', -1, '1603968122000') on conflict (feedback_id, user_id) do nothing;
insert into votes (vote_id, feedback_id, user_id, vote, v_timestamp) values ('07cb3e6b-ef29-4796-ae2e-9e71c073d6b5', 'b45c1059-2914-4b7b-81f7-1d77c0b7279b', '41c8e14a-0245-4e8d-90b8-95a009973899', 1, '1611764277000') on conflict (feedback_id, user_id) do nothing;
insert into votes (vote_id, feedback_id, user_id, vote, v_timestamp) values ('68f3601b-ecf7-46dc-9754-f8768c81fa94', 'b2e4d454-cbc7-4712-a5b1-85ce5cf2bfd4', 'a67850fe-36a6-4ef8-989b-d5c663bb6570', -1, '1604762469000') on conflict (feedback_id, user_id) do nothing;
insert into votes (vote_id, feedback_id, user_id, vote, v_timestamp) values ('3fd40263-ec1f-49d8-ae37-ce73e54c9392', '4e2e0932-cd9b-4dc8-b742-19a548246656', 'bfe0d540-653b-475a-a20c-2ac1297ac7c0', 1, '1609632531000') on conflict (feedback_id, user_id) do nothing;
insert into votes (vote_id, feedback_id, user_id, vote, v_timestamp) values ('63837784-727e-4f5d-aed3-b12b922f94ca', 'd70bcdd7-dd87-4688-9581-28cf24952f93', '88cf9dd1-62f3-49ed-a0aa-ffecfb2128e5', 1, '1607912517000') on conflict (feedback_id, user_id) do nothing;
insert into votes (vote_id, feedback_id, user_id, vote, v_timestamp) values ('1ffa8048-de84-4554-99ac-6f2941ef29f5', 'c968aaa6-00c6-4d4f-814d-6eac613527d4', 'c4c68995-d0a0-4515-94b4-78551007f341', 1, '1610007616000') on conflict (feedback_id, user_id) do nothing;
insert into votes (vote_id, feedback_id, user_id, vote, v_timestamp) values ('acdda01c-13d5-4bb4-aacc-8a3229037192', 'b45c1059-2914-4b7b-81f7-1d77c0b7279b', '2738bbb8-e29b-460b-a96d-a37adf1f488f', 1, '1611430157000') on conflict (feedback_id, user_id) do nothing;
insert into votes (vote_id, feedback_id, user_id, vote, v_timestamp) values ('06ed5c30-0f41-4407-abb2-c8f937ad9daa', '2fb77ce2-993a-436e-becd-f84fffbc483f', 'c4c68995-d0a0-4515-94b4-78551007f341', -1, '1610793432000') on conflict (feedback_id, user_id) do nothing;
insert into votes (vote_id, feedback_id, user_id, vote, v_timestamp) values ('cc9a0eeb-2371-494b-98fd-51e743c443b5', '10938348-2971-4a1a-a250-16ad32d7b87b', '273dd52d-59d1-4442-9379-182f420b2e04', 1, '1607751906000') on conflict (feedback_id, user_id) do nothing;
insert into votes (vote_id, feedback_id, user_id, vote, v_timestamp) values ('c7ea338f-21ea-4fb2-9f93-c81def8be1d8', '64d3c556-d264-498c-9d19-02076191ebda', '4b6a0669-8fd9-4d44-8c9f-6d7cb046189d', 1, '1610373903000') on conflict (feedback_id, user_id) do nothing;
insert into votes (vote_id, feedback_id, user_id, vote, v_timestamp) values ('e3b40773-eff7-4c70-975a-f89fc9130256', '45d5aeef-47c4-4455-a644-b68e222cc395', '212d7c4c-ebee-47c7-acb8-83420f6ac2f3', -1, '1609556035000') on conflict (feedback_id, user_id) do nothing;
insert into votes (vote_id, feedback_id, user_id, vote, v_timestamp) values ('3984ab0e-64a0-4b5d-8a2e-9ffdc7a001a8', '2973b3b3-bd5b-4d8f-9a24-c7630fff4c97', '88cf9dd1-62f3-49ed-a0aa-ffecfb2128e5', -1, '1604971713000') on conflict (feedback_id, user_id) do nothing;
insert into votes (vote_id, feedback_id, user_id, vote, v_timestamp) values ('10408978-4e53-41d8-a905-4c76a7cf251b', '79ec2260-ede3-4a24-946c-62f291aa1205', 'e32d597a-eb53-4a7a-8a6e-d1aa46bd9396', -1, '1611282344000') on conflict (feedback_id, user_id) do nothing;
insert into votes (vote_id, feedback_id, user_id, vote, v_timestamp) values ('d8ad94d6-1d77-41c1-bc3d-729bedec0c0b', '5cf45183-0915-4aba-8246-a78aa754ce13', '0b2dc280-2fb5-4d8b-9200-96cf00fc1a25', 1, '1610886944000') on conflict (feedback_id, user_id) do nothing;
insert into votes (vote_id, feedback_id, user_id, vote, v_timestamp) values ('f826dfcd-70f1-4b0a-9264-cfe348cd4c15', 'b2679561-6577-4f8c-915c-de8ba7edcf65', '41c8e14a-0245-4e8d-90b8-95a009973899', -1, '1604044983000') on conflict (feedback_id, user_id) do nothing;
insert into votes (vote_id, feedback_id, user_id, vote, v_timestamp) values ('c2b378e0-b419-419d-8a4c-c572aa26ab5c', '259b28d4-094f-4f2e-8261-a6380de38d42', '0b2dc280-2fb5-4d8b-9200-96cf00fc1a25', 1, '1609005910000') on conflict (feedback_id, user_id) do nothing;
insert into votes (vote_id, feedback_id, user_id, vote, v_timestamp) values ('9d5b5aa5-a661-4214-a8d7-778dccae2e13', '3cea75bc-f7ce-42d8-b8ea-612806b441d3', '212d7c4c-ebee-47c7-acb8-83420f6ac2f3', 1, '1607978310000') on conflict (feedback_id, user_id) do nothing;
insert into votes (vote_id, feedback_id, user_id, vote, v_timestamp) values ('1f57caac-5310-4284-bebd-e2809f957d84', '7f0de213-0939-456f-bb48-15060af3d9e3', '1f419c69-9f2b-417b-bf47-ec96dcaec10e', -1, '1607897915000') on conflict (feedback_id, user_id) do nothing;
insert into votes (vote_id, feedback_id, user_id, vote, v_timestamp) values ('3c2043a5-7149-480b-a7f6-b08ea7a4713d', '42680497-77fa-4df7-ae96-024110e42223', '4c4756e6-e113-4db2-830b-2983af2497fd', 1, '1608810917000') on conflict (feedback_id, user_id) do nothing;
insert into votes (vote_id, feedback_id, user_id, vote, v_timestamp) values ('59ac98ee-63db-44fa-a847-45eaa0f9f5c8', 'b45c1059-2914-4b7b-81f7-1d77c0b7279b', '5db7c8b8-530d-4d9b-8db2-7c0b9cae8951', -1, '1610448443000') on conflict (feedback_id, user_id) do nothing;
insert into votes (vote_id, feedback_id, user_id, vote, v_timestamp) values ('47472ade-2a17-4d76-8c00-0ce7e09e2a05', '1a2dee96-23cc-48fb-a489-388a925ada47', '88cf9dd1-62f3-49ed-a0aa-ffecfb2128e5', 1, '1607087449000') on conflict (feedback_id, user_id) do nothing;
insert into votes (vote_id, feedback_id, user_id, vote, v_timestamp) values ('68e2ee13-fb73-4f18-aef8-648d8b8a55c8', '8b26fa03-b967-4118-bd42-3d192beaba75', '5db7c8b8-530d-4d9b-8db2-7c0b9cae8951', -1, '1610575827000') on conflict (feedback_id, user_id) do nothing;
insert into votes (vote_id, feedback_id, user_id, vote, v_timestamp) values ('d9e4a6ff-fa9d-45ab-97f7-ec454012d69f', 'daf6855f-3a1d-498e-8620-60d309e609aa', '4b6a0669-8fd9-4d44-8c9f-6d7cb046189d', 1, '1607163297000') on conflict (feedback_id, user_id) do nothing;
insert into votes (vote_id, feedback_id, user_id, vote, v_timestamp) values ('b6f1291b-02f9-46d1-b403-1f0c5b795e76', '9b5da824-eb47-43ea-87ff-cbf500c9cbe7', 'a574d601-4be4-4499-8f98-7f2b2e168e0e', -1, '1610330975000') on conflict (feedback_id, user_id) do nothing;
insert into votes (vote_id, feedback_id, user_id, vote, v_timestamp) values ('0b8a1019-6b6e-47e0-a64e-fc499b6c341b', 'bee9ea7e-fd58-46e4-a41f-dbfcbcb3a704', '7a9399af-e5f4-412f-a3c9-90cff9c23a54', -1, '1605846437000') on conflict (feedback_id, user_id) do nothing;
insert into votes (vote_id, feedback_id, user_id, vote, v_timestamp) values ('22edd107-ab1e-45f8-974c-358e281c4294', '2fb77ce2-993a-436e-becd-f84fffbc483f', '7a9399af-e5f4-412f-a3c9-90cff9c23a54', 1, '1606320842000') on conflict (feedback_id, user_id) do nothing;
insert into votes (vote_id, feedback_id, user_id, vote, v_timestamp) values ('c8bf3a6c-d9ad-4aa6-a26b-40f81c3490db', '0a089831-f830-48dd-8f0e-5598b815cce5', '5db7c8b8-530d-4d9b-8db2-7c0b9cae8951', -1, '1605887714000') on conflict (feedback_id, user_id) do nothing;
insert into votes (vote_id, feedback_id, user_id, vote, v_timestamp) values ('37af3eb4-391e-41b3-b8d1-9277886eebb0', 'b45c1059-2914-4b7b-81f7-1d77c0b7279b', '527ec98e-30f1-4457-b377-711a3777ddb1', 1, '1604357399000') on conflict (feedback_id, user_id) do nothing;
insert into votes (vote_id, feedback_id, user_id, vote, v_timestamp) values ('d4c4348e-cf5b-4642-97a1-5a35d98a4bf6', '404a2e4b-b31f-4c88-bfbc-ad814dcc8eb9', '527ec98e-30f1-4457-b377-711a3777ddb1', -1, '1611355286000') on conflict (feedback_id, user_id) do nothing;
insert into votes (vote_id, feedback_id, user_id, vote, v_timestamp) values ('4dd84a51-7024-4680-b8be-251397e76a61', '259b28d4-094f-4f2e-8261-a6380de38d42', '527ec98e-30f1-4457-b377-711a3777ddb1', -1, '1606526537000') on conflict (feedback_id, user_id) do nothing;
insert into votes (vote_id, feedback_id, user_id, vote, v_timestamp) values ('0d59b71b-83c8-4602-a499-41845005c6de', '8b7c3530-be25-490f-b25e-8ccad5ac46ab', '0b2dc280-2fb5-4d8b-9200-96cf00fc1a25', 1, '1610163967000') on conflict (feedback_id, user_id) do nothing;
insert into votes (vote_id, feedback_id, user_id, vote, v_timestamp) values ('a99c3446-d8ba-406e-8c72-f2907f8c8c7b', '64d3c556-d264-498c-9d19-02076191ebda', 'c7103201-bb1e-4692-a756-1c7b5689c01d', -1, '1606110011000') on conflict (feedback_id, user_id) do nothing;
insert into votes (vote_id, feedback_id, user_id, vote, v_timestamp) values ('4324a17f-e37d-4486-9909-a2e424c6afc9', '0a089831-f830-48dd-8f0e-5598b815cce5', '5db7c8b8-530d-4d9b-8db2-7c0b9cae8951', -1, '1612188539000') on conflict (feedback_id, user_id) do nothing;
insert into votes (vote_id, feedback_id, user_id, vote, v_timestamp) values ('1df0d333-e4aa-4d77-b0e0-7eedecd58226', '00b94f78-add9-4aae-90fa-c3965e15e8e9', '2738bbb8-e29b-460b-a96d-a37adf1f488f', 1, '1606095819000') on conflict (feedback_id, user_id) do nothing;
insert into votes (vote_id, feedback_id, user_id, vote, v_timestamp) values ('33aca703-debf-494c-be3c-810410b2881f', '10938348-2971-4a1a-a250-16ad32d7b87b', '0b2dc280-2fb5-4d8b-9200-96cf00fc1a25', -1, '1611302548000') on conflict (feedback_id, user_id) do nothing;
insert into votes (vote_id, feedback_id, user_id, vote, v_timestamp) values ('bb90bd74-5ac3-431f-9a5c-99cc2db2ef23', 'e0f84c69-25b3-4d46-9c5b-8b595a670c88', '273dd52d-59d1-4442-9379-182f420b2e04', 1, '1610152047000') on conflict (feedback_id, user_id) do nothing;
insert into votes (vote_id, feedback_id, user_id, vote, v_timestamp) values ('761b251a-eb81-4c49-8eee-ac63279292d3', '6455c938-13c5-4846-a0f5-774741cfc7c4', 'a574d601-4be4-4499-8f98-7f2b2e168e0e', -1, '1608565789000') on conflict (feedback_id, user_id) do nothing;
insert into votes (vote_id, feedback_id, user_id, vote, v_timestamp) values ('1414fc26-5bb1-4f21-b4a2-9624a74875ee', 'd70bcdd7-dd87-4688-9581-28cf24952f93', 'c7103201-bb1e-4692-a756-1c7b5689c01d', 1, '1611874632000') on conflict (feedback_id, user_id) do nothing;
insert into votes (vote_id, feedback_id, user_id, vote, v_timestamp) values ('f0ef2975-7ab5-4aba-a5a7-dc0488ceda1d', '0a089831-f830-48dd-8f0e-5598b815cce5', 'd61ef908-5f01-4a41-b828-2284cb1125ff', 1, '1608490081000') on conflict (feedback_id, user_id) do nothing;
insert into votes (vote_id, feedback_id, user_id, vote, v_timestamp) values ('9c1a3af1-233d-401f-b799-944e48a44d8d', '5b18a624-de07-4cc0-8a0c-50ce1b938c95', 'c7103201-bb1e-4692-a756-1c7b5689c01d', 1, '1607934918000') on conflict (feedback_id, user_id) do nothing;
insert into votes (vote_id, feedback_id, user_id, vote, v_timestamp) values ('6631adc0-8639-4e7c-81bc-fece643b5cff', '0a089831-f830-48dd-8f0e-5598b815cce5', 'c4c68995-d0a0-4515-94b4-78551007f341', -1, '1608909188000') on conflict (feedback_id, user_id) do nothing;
insert into votes (vote_id, feedback_id, user_id, vote, v_timestamp) values ('4486371a-e817-4350-9151-cab0f087d5a6', '38fa508b-b03d-483a-86ec-6cd6fcb88b24', '527ec98e-30f1-4457-b377-711a3777ddb1', -1, '1609865856000') on conflict (feedback_id, user_id) do nothing;
insert into votes (vote_id, feedback_id, user_id, vote, v_timestamp) values ('cb6f2b40-4d81-44f7-99d6-ea99523c557d', '5cf45183-0915-4aba-8246-a78aa754ce13', '0b2dc280-2fb5-4d8b-9200-96cf00fc1a25', -1, '1608633308000') on conflict (feedback_id, user_id) do nothing;
insert into votes (vote_id, feedback_id, user_id, vote, v_timestamp) values ('17ab6d47-74c9-4a8d-a518-355b96210a4f', 'b2e4d454-cbc7-4712-a5b1-85ce5cf2bfd4', 'c7103201-bb1e-4692-a756-1c7b5689c01d', 1, '1604230561000') on conflict (feedback_id, user_id) do nothing;
insert into votes (vote_id, feedback_id, user_id, vote, v_timestamp) values ('65a3b774-80c1-40b6-9ad2-b70eeba0ab8a', '060d5fc0-a6f6-4df9-9d07-c1d1237dc3e7', '4c4756e6-e113-4db2-830b-2983af2497fd', -1, '1604310182000') on conflict (feedback_id, user_id) do nothing;
insert into votes (vote_id, feedback_id, user_id, vote, v_timestamp) values ('1b13c43a-9c00-4088-8c29-abf0e62e65a2', '4e2e0932-cd9b-4dc8-b742-19a548246656', '8eb7033e-8baf-42d1-8238-1956cf7df0df', -1, '1605614397000') on conflict (feedback_id, user_id) do nothing;
insert into votes (vote_id, feedback_id, user_id, vote, v_timestamp) values ('ad25d24a-eb97-4e9f-842d-c5558bde39eb', '79ec2260-ede3-4a24-946c-62f291aa1205', 'd61ef908-5f01-4a41-b828-2284cb1125ff', -1, '1604729632000') on conflict (feedback_id, user_id) do nothing;
insert into votes (vote_id, feedback_id, user_id, vote, v_timestamp) values ('fe95712c-0d3f-478e-a5fd-74195509a847', '00b94f78-add9-4aae-90fa-c3965e15e8e9', 'bfe0d540-653b-475a-a20c-2ac1297ac7c0', 1, '1608502364000') on conflict (feedback_id, user_id) do nothing;
insert into votes (vote_id, feedback_id, user_id, vote, v_timestamp) values ('b10dea45-8cbb-4f0b-a013-097e38a244ac', 'e2bd7e95-a4ca-40de-8dd7-b3bf7298511e', '1f419c69-9f2b-417b-bf47-ec96dcaec10e', -1, '1611270530000') on conflict (feedback_id, user_id) do nothing;
insert into votes (vote_id, feedback_id, user_id, vote, v_timestamp) values ('3926ed8c-6345-4cc2-bad7-d0dc14270267', 'abe6d57f-772b-4359-b0e3-daacda141adb', 'e32d597a-eb53-4a7a-8a6e-d1aa46bd9396', 1, '1604109721000') on conflict (feedback_id, user_id) do nothing;
insert into votes (vote_id, feedback_id, user_id, vote, v_timestamp) values ('79b4021a-aed7-4fa4-8d31-1d333209751a', '9c848b2c-f45e-4650-8350-1a8adf2b38dc', 'c7103201-bb1e-4692-a756-1c7b5689c01d', -1, '1612026374000') on conflict (feedback_id, user_id) do nothing;
insert into votes (vote_id, feedback_id, user_id, vote, v_timestamp) values ('251b938c-e05f-41a5-8a3e-1e0032fd28c2', '1bbcc19b-d9bb-4ec7-b235-95d94a9b0d79', '4c4756e6-e113-4db2-830b-2983af2497fd', 1, '1605350320000') on conflict (feedback_id, user_id) do nothing;
insert into votes (vote_id, feedback_id, user_id, vote, v_timestamp) values ('c9489096-4388-401e-9872-c27530340705', '404a2e4b-b31f-4c88-bfbc-ad814dcc8eb9', '7a9399af-e5f4-412f-a3c9-90cff9c23a54', 1, '1606320249000') on conflict (feedback_id, user_id) do nothing;
insert into votes (vote_id, feedback_id, user_id, vote, v_timestamp) values ('dbb7ce1d-23a4-4eca-b9c4-ed53e0572950', 'e0f84c69-25b3-4d46-9c5b-8b595a670c88', '4b6a0669-8fd9-4d44-8c9f-6d7cb046189d', -1, '1612260662000') on conflict (feedback_id, user_id) do nothing;
insert into votes (vote_id, feedback_id, user_id, vote, v_timestamp) values ('43ecac44-f9f1-4807-9fa9-f8fffd2c1270', '259b28d4-094f-4f2e-8261-a6380de38d42', '4807fe48-80b6-43fc-b8ef-2b6b2de6b5ab', -1, '1609844919000') on conflict (feedback_id, user_id) do nothing;
insert into votes (vote_id, feedback_id, user_id, vote, v_timestamp) values ('8d3b3e20-eb16-4f4e-8a3e-74f6f75e17ff', '030a0609-f683-4670-b7f4-80ef3056bfd8', '212d7c4c-ebee-47c7-acb8-83420f6ac2f3', 1, '1605246942000') on conflict (feedback_id, user_id) do nothing;
insert into votes (vote_id, feedback_id, user_id, vote, v_timestamp) values ('4b1dd767-2df8-4c14-9018-4ecd6517b5cb', 'b23cbc1b-af54-4fff-b326-d1d98a6d51ad', '273dd52d-59d1-4442-9379-182f420b2e04', -1, '1610040973000') on conflict (feedback_id, user_id) do nothing;
insert into votes (vote_id, feedback_id, user_id, vote, v_timestamp) values ('ae83609d-034b-475f-80c2-5401e92c5827', 'bee9ea7e-fd58-46e4-a41f-dbfcbcb3a704', '4c4756e6-e113-4db2-830b-2983af2497fd', 1, '1609112159000') on conflict (feedback_id, user_id) do nothing;
insert into votes (vote_id, feedback_id, user_id, vote, v_timestamp) values ('6c9e005a-1a8d-424e-9b53-72e349113f28', '9c848b2c-f45e-4650-8350-1a8adf2b38dc', '4c4756e6-e113-4db2-830b-2983af2497fd', -1, '1608800058000') on conflict (feedback_id, user_id) do nothing;
insert into votes (vote_id, feedback_id, user_id, vote, v_timestamp) values ('35fa3f78-67c2-47c7-8a3b-16973274da91', '4b0295b5-d409-4ac0-abdb-bbb4b8fd792c', '2738bbb8-e29b-460b-a96d-a37adf1f488f', 1, '1609930375000') on conflict (feedback_id, user_id) do nothing;
insert into votes (vote_id, feedback_id, user_id, vote, v_timestamp) values ('20e43556-5d94-4246-af8c-75cebfcc13cb', '060d5fc0-a6f6-4df9-9d07-c1d1237dc3e7', '84993557-73b4-4655-b16f-90a906c06c28', 1, '1608572120000') on conflict (feedback_id, user_id) do nothing;
insert into votes (vote_id, feedback_id, user_id, vote, v_timestamp) values ('6c381181-8528-48ba-8345-2d433a1c0719', '4405f4a4-b749-4a5b-bf30-3290f460bda2', 'd61ef908-5f01-4a41-b828-2284cb1125ff', 1, '1608523392000') on conflict (feedback_id, user_id) do nothing;
insert into votes (vote_id, feedback_id, user_id, vote, v_timestamp) values ('3332e056-de81-4202-9155-90c9f10d90d9', '0a089831-f830-48dd-8f0e-5598b815cce5', '1f419c69-9f2b-417b-bf47-ec96dcaec10e', -1, '1606873171000') on conflict (feedback_id, user_id) do nothing;
insert into votes (vote_id, feedback_id, user_id, vote, v_timestamp) values ('37b11563-0f59-4f4a-9777-ff7306fd16a2', '42680497-77fa-4df7-ae96-024110e42223', '2d0dbb5a-7735-4052-b478-5405c4120354', 1, '1610146037000') on conflict (feedback_id, user_id) do nothing;
insert into votes (vote_id, feedback_id, user_id, vote, v_timestamp) values ('0793d817-7c38-4d3b-88ce-8cfe861620cd', '8b7c3530-be25-490f-b25e-8ccad5ac46ab', '41c8e14a-0245-4e8d-90b8-95a009973899', 1, '1610579277000') on conflict (feedback_id, user_id) do nothing;
insert into votes (vote_id, feedback_id, user_id, vote, v_timestamp) values ('b8f9cd5e-2e44-45d6-8c74-41ee71c1dd63', '7f0de213-0939-456f-bb48-15060af3d9e3', '212d7c4c-ebee-47c7-acb8-83420f6ac2f3', -1, '1610596423000') on conflict (feedback_id, user_id) do nothing;
insert into votes (vote_id, feedback_id, user_id, vote, v_timestamp) values ('ac9fe6b2-c343-44c8-915d-40ad25cee0cb', '8b7c3530-be25-490f-b25e-8ccad5ac46ab', 'd61ef908-5f01-4a41-b828-2284cb1125ff', 1, '1607160774000') on conflict (feedback_id, user_id) do nothing;
insert into votes (vote_id, feedback_id, user_id, vote, v_timestamp) values ('dbd01489-f6c7-4093-b9e2-7ef1807ebb2e', '45d5aeef-47c4-4455-a644-b68e222cc395', '273dd52d-59d1-4442-9379-182f420b2e04', -1, '1604713074000') on conflict (feedback_id, user_id) do nothing;
insert into votes (vote_id, feedback_id, user_id, vote, v_timestamp) values ('e78105d5-1ef9-460f-b39b-c42aaa575eaa', 'aaedbce6-bb57-4214-b52b-e6839a0214d9', '2738bbb8-e29b-460b-a96d-a37adf1f488f', 1, '1604774610000') on conflict (feedback_id, user_id) do nothing;
insert into votes (vote_id, feedback_id, user_id, vote, v_timestamp) values ('1a04ac97-c4c2-4482-8383-e54ca16d6413', '1a2dee96-23cc-48fb-a489-388a925ada47', '273dd52d-59d1-4442-9379-182f420b2e04', 1, '1608549735000') on conflict (feedback_id, user_id) do nothing;
insert into votes (vote_id, feedback_id, user_id, vote, v_timestamp) values ('5807ed42-01de-4d22-8f4c-4d44faf3e8bf', '45d5aeef-47c4-4455-a644-b68e222cc395', 'bfe0d540-653b-475a-a20c-2ac1297ac7c0', 1, '1608974582000') on conflict (feedback_id, user_id) do nothing;
insert into votes (vote_id, feedback_id, user_id, vote, v_timestamp) values ('a2c4222c-113d-4e8f-8f67-d2a0aaa8cc82', '9c848b2c-f45e-4650-8350-1a8adf2b38dc', 'c7103201-bb1e-4692-a756-1c7b5689c01d', -1, '1604112730000') on conflict (feedback_id, user_id) do nothing;
insert into votes (vote_id, feedback_id, user_id, vote, v_timestamp) values ('26ea2f97-3823-417d-a2b3-28167201a22e', 'b45c1059-2914-4b7b-81f7-1d77c0b7279b', '8eb7033e-8baf-42d1-8238-1956cf7df0df', -1, '1604582774000') on conflict (feedback_id, user_id) do nothing;
insert into votes (vote_id, feedback_id, user_id, vote, v_timestamp) values ('8c9d9bb4-813b-4f57-9489-3266bc98c3f1', '5cf45183-0915-4aba-8246-a78aa754ce13', 'd61ef908-5f01-4a41-b828-2284cb1125ff', -1, '1611887354000') on conflict (feedback_id, user_id) do nothing;
insert into votes (vote_id, feedback_id, user_id, vote, v_timestamp) values ('3f055114-8fbc-4cb1-bf01-1644ce17db38', '0a089831-f830-48dd-8f0e-5598b815cce5', 'a67850fe-36a6-4ef8-989b-d5c663bb6570', 1, '1607383965000') on conflict (feedback_id, user_id) do nothing;
insert into votes (vote_id, feedback_id, user_id, vote, v_timestamp) values ('ec7a91f2-493a-4b52-8e2d-ee88d2ccd8f4', '2fb77ce2-993a-436e-becd-f84fffbc483f', '2d0dbb5a-7735-4052-b478-5405c4120354', -1, '1604848368000') on conflict (feedback_id, user_id) do nothing;
insert into votes (vote_id, feedback_id, user_id, vote, v_timestamp) values ('7b4c8963-370f-4cdd-a2a4-6d1ba927f48c', 'd70bcdd7-dd87-4688-9581-28cf24952f93', '4807fe48-80b6-43fc-b8ef-2b6b2de6b5ab', 1, '1610451442000') on conflict (feedback_id, user_id) do nothing;
insert into votes (vote_id, feedback_id, user_id, vote, v_timestamp) values ('c6c7c9e5-cc58-4da4-8f4c-6f6fd233233c', 'c77fe95c-2d22-4a80-bd63-bfa265ed07d5', '3497c637-70b7-429a-a0a4-5e4756e1da7f', 1, '1605862451000') on conflict (feedback_id, user_id) do nothing;
insert into votes (vote_id, feedback_id, user_id, vote, v_timestamp) values ('d8c5c3d6-f7d9-4e8b-a934-cf1588e73196', '6455c938-13c5-4846-a0f5-774741cfc7c4', 'bfe0d540-653b-475a-a20c-2ac1297ac7c0', 1, '1604930687000') on conflict (feedback_id, user_id) do nothing;
insert into votes (vote_id, feedback_id, user_id, vote, v_timestamp) values ('b9c12b63-3115-4bd1-b272-d88d2959fb53', '4499bd8b-8798-490f-8f4d-3f0064854b25', '2738bbb8-e29b-460b-a96d-a37adf1f488f', -1, '1611495004000') on conflict (feedback_id, user_id) do nothing;
insert into votes (vote_id, feedback_id, user_id, vote, v_timestamp) values ('ec5af1f4-28f2-460e-94f3-092ef1b98a44', '9b5591fe-b4f4-41b7-81c4-dd98a4cf9856', '4c4756e6-e113-4db2-830b-2983af2497fd', -1, '1606688786000') on conflict (feedback_id, user_id) do nothing;
insert into votes (vote_id, feedback_id, user_id, vote, v_timestamp) values ('47a567c4-651e-4911-a135-04c9c6c297d9', '9b5da824-eb47-43ea-87ff-cbf500c9cbe7', '527ec98e-30f1-4457-b377-711a3777ddb1', 1, '1604083906000') on conflict (feedback_id, user_id) do nothing;
insert into votes (vote_id, feedback_id, user_id, vote, v_timestamp) values ('d07499ae-2898-4b41-9d9c-b5fbd564c287', '2973b3b3-bd5b-4d8f-9a24-c7630fff4c97', '2738bbb8-e29b-460b-a96d-a37adf1f488f', 1, '1608161894000') on conflict (feedback_id, user_id) do nothing;
insert into votes (vote_id, feedback_id, user_id, vote, v_timestamp) values ('c28f5aa4-1379-4440-bcf3-5f87560cbd27', '0a089831-f830-48dd-8f0e-5598b815cce5', '2738bbb8-e29b-460b-a96d-a37adf1f488f', -1, '1610423418000') on conflict (feedback_id, user_id) do nothing;
insert into votes (vote_id, feedback_id, user_id, vote, v_timestamp) values ('d60b6017-3585-49a0-91f6-fee094ef7729', '1a2dee96-23cc-48fb-a489-388a925ada47', '212d7c4c-ebee-47c7-acb8-83420f6ac2f3', 1, '1606714912000') on conflict (feedback_id, user_id) do nothing;
insert into votes (vote_id, feedback_id, user_id, vote, v_timestamp) values ('43f06d8c-bdcf-4fd4-8101-a3091b8d0e84', '3cea75bc-f7ce-42d8-b8ea-612806b441d3', '41c8e14a-0245-4e8d-90b8-95a009973899', 1, '1607411883000') on conflict (feedback_id, user_id) do nothing;
insert into votes (vote_id, feedback_id, user_id, vote, v_timestamp) values ('4523a643-4ac1-4d29-8320-e2710df77c17', '70e02052-f639-4295-8c05-ce6146f3ed9a', '4b6a0669-8fd9-4d44-8c9f-6d7cb046189d', -1, '1608963175000') on conflict (feedback_id, user_id) do nothing;
insert into votes (vote_id, feedback_id, user_id, vote, v_timestamp) values ('e8569772-8de6-4bad-8714-eb2b5574e7d3', '42680497-77fa-4df7-ae96-024110e42223', 'bfe0d540-653b-475a-a20c-2ac1297ac7c0', 1, '1609815975000') on conflict (feedback_id, user_id) do nothing;
insert into votes (vote_id, feedback_id, user_id, vote, v_timestamp) values ('9009ec0f-379c-435c-b914-e2de1cd51e8f', '38fa508b-b03d-483a-86ec-6cd6fcb88b24', '41c8e14a-0245-4e8d-90b8-95a009973899', 1, '1608256418000') on conflict (feedback_id, user_id) do nothing;
insert into votes (vote_id, feedback_id, user_id, vote, v_timestamp) values ('29c92bc5-b09f-455e-8c0b-db4c10f5578c', '8b26fa03-b967-4118-bd42-3d192beaba75', '4807fe48-80b6-43fc-b8ef-2b6b2de6b5ab', -1, '1609540024000') on conflict (feedback_id, user_id) do nothing;
insert into votes (vote_id, feedback_id, user_id, vote, v_timestamp) values ('196cfb91-2d0d-46d0-9484-6a8bc8a5e137', '4b0295b5-d409-4ac0-abdb-bbb4b8fd792c', '1f419c69-9f2b-417b-bf47-ec96dcaec10e', 1, '1605792120000') on conflict (feedback_id, user_id) do nothing;
insert into votes (vote_id, feedback_id, user_id, vote, v_timestamp) values ('3159acf3-d9ff-4a21-912d-658c9f050802', '2fb77ce2-993a-436e-becd-f84fffbc483f', 'cc7c954e-dffe-4ac7-9214-fe337e611c64', -1, '1607150541000') on conflict (feedback_id, user_id) do nothing;
insert into votes (vote_id, feedback_id, user_id, vote, v_timestamp) values ('5e8c6ce6-76cd-4c83-881c-a380fad87ee0', 'eb676012-df06-4fd7-ba30-cbe30f34a4e3', '527ec98e-30f1-4457-b377-711a3777ddb1', -1, '1607013459000') on conflict (feedback_id, user_id) do nothing;
insert into votes (vote_id, feedback_id, user_id, vote, v_timestamp) values ('5f58e65d-50cf-4fbd-9af1-3845341ff319', 'aaedbce6-bb57-4214-b52b-e6839a0214d9', '8eb7033e-8baf-42d1-8238-1956cf7df0df', -1, '1609658958000') on conflict (feedback_id, user_id) do nothing;
insert into votes (vote_id, feedback_id, user_id, vote, v_timestamp) values ('87cc8ba0-393d-4e9c-ba57-11c198e75e4d', '38fa508b-b03d-483a-86ec-6cd6fcb88b24', '3497c637-70b7-429a-a0a4-5e4756e1da7f', -1, '1605822434000') on conflict (feedback_id, user_id) do nothing;
insert into votes (vote_id, feedback_id, user_id, vote, v_timestamp) values ('422e0995-6c8e-4115-a203-d58103941cc3', '1a2dee96-23cc-48fb-a489-388a925ada47', 'c4c68995-d0a0-4515-94b4-78551007f341', 1, '1607162515000') on conflict (feedback_id, user_id) do nothing;
insert into votes (vote_id, feedback_id, user_id, vote, v_timestamp) values ('495d682a-2785-4162-b671-8dda5f0ca179', '2fb77ce2-993a-436e-becd-f84fffbc483f', '273dd52d-59d1-4442-9379-182f420b2e04', 1, '1611107843000') on conflict (feedback_id, user_id) do nothing;
insert into votes (vote_id, feedback_id, user_id, vote, v_timestamp) values ('0d7860d4-77b8-4e80-acdd-95110824704c', 'e2bd7e95-a4ca-40de-8dd7-b3bf7298511e', '41c8e14a-0245-4e8d-90b8-95a009973899', 1, '1606255740000') on conflict (feedback_id, user_id) do nothing;
insert into votes (vote_id, feedback_id, user_id, vote, v_timestamp) values ('82436fbd-0638-4018-8f7f-62e07ef0f98d', '030a0609-f683-4670-b7f4-80ef3056bfd8', '4c4756e6-e113-4db2-830b-2983af2497fd', 1, '1608767665000') on conflict (feedback_id, user_id) do nothing;
insert into votes (vote_id, feedback_id, user_id, vote, v_timestamp) values ('d51c1482-a2bc-45dc-a1ac-faf6118aa40f', 'eb676012-df06-4fd7-ba30-cbe30f34a4e3', '212d7c4c-ebee-47c7-acb8-83420f6ac2f3', 1, '1612084119000') on conflict (feedback_id, user_id) do nothing;
insert into votes (vote_id, feedback_id, user_id, vote, v_timestamp) values ('bce3fc87-7f96-4685-94b3-f7787ec728f5', '38fa508b-b03d-483a-86ec-6cd6fcb88b24', '88cf9dd1-62f3-49ed-a0aa-ffecfb2128e5', -1, '1606977231000') on conflict (feedback_id, user_id) do nothing;
insert into votes (vote_id, feedback_id, user_id, vote, v_timestamp) values ('42c02392-901b-4141-9580-54f4e579a0b9', 'e2bd7e95-a4ca-40de-8dd7-b3bf7298511e', 'c4c68995-d0a0-4515-94b4-78551007f341', 1, '1604622588000') on conflict (feedback_id, user_id) do nothing;
insert into votes (vote_id, feedback_id, user_id, vote, v_timestamp) values ('a7aa7bbe-db38-4dd0-8574-4c850533697f', '9c848b2c-f45e-4650-8350-1a8adf2b38dc', '4b6a0669-8fd9-4d44-8c9f-6d7cb046189d', -1, '1608812899000') on conflict (feedback_id, user_id) do nothing;
insert into votes (vote_id, feedback_id, user_id, vote, v_timestamp) values ('88dd61b3-6f18-4357-ac88-0a4881bc9a59', '8b26fa03-b967-4118-bd42-3d192beaba75', '88cf9dd1-62f3-49ed-a0aa-ffecfb2128e5', 1, '1612077604000') on conflict (feedback_id, user_id) do nothing;
insert into votes (vote_id, feedback_id, user_id, vote, v_timestamp) values ('a22740da-d52c-4350-815a-3be9512c15aa', '3cea75bc-f7ce-42d8-b8ea-612806b441d3', '3497c637-70b7-429a-a0a4-5e4756e1da7f', 1, '1611431700000') on conflict (feedback_id, user_id) do nothing;
insert into votes (vote_id, feedback_id, user_id, vote, v_timestamp) values ('489ca5d4-7f93-4255-b3ea-d7cc90fa3907', 'd70bcdd7-dd87-4688-9581-28cf24952f93', '3497c637-70b7-429a-a0a4-5e4756e1da7f', -1, '1610542359000') on conflict (feedback_id, user_id) do nothing;
insert into votes (vote_id, feedback_id, user_id, vote, v_timestamp) values ('210c2afe-422f-4f80-acdf-0aa204fed5de', '45d5aeef-47c4-4455-a644-b68e222cc395', '41c8e14a-0245-4e8d-90b8-95a009973899', -1, '1610819610000') on conflict (feedback_id, user_id) do nothing;
insert into votes (vote_id, feedback_id, user_id, vote, v_timestamp) values ('cab58a05-3b53-48f1-8aa3-e53d5abc8fac', 'd9f525f1-0fe3-42d8-950b-2dcd4cc868a5', 'c7103201-bb1e-4692-a756-1c7b5689c01d', 1, '1609455466000') on conflict (feedback_id, user_id) do nothing;
insert into votes (vote_id, feedback_id, user_id, vote, v_timestamp) values ('b82eae6e-bba9-45d9-8869-cfb4cceed9eb', 'eb676012-df06-4fd7-ba30-cbe30f34a4e3', '4c4756e6-e113-4db2-830b-2983af2497fd', 1, '1609128610000') on conflict (feedback_id, user_id) do nothing;
insert into votes (vote_id, feedback_id, user_id, vote, v_timestamp) values ('51599b28-da05-47ef-9deb-8af64337f89c', '9c848b2c-f45e-4650-8350-1a8adf2b38dc', 'e32d597a-eb53-4a7a-8a6e-d1aa46bd9396', 1, '1605171035000') on conflict (feedback_id, user_id) do nothing;
insert into votes (vote_id, feedback_id, user_id, vote, v_timestamp) values ('de23e587-d184-4d62-ba6b-bdea20e6094c', '4e2e0932-cd9b-4dc8-b742-19a548246656', '4b6a0669-8fd9-4d44-8c9f-6d7cb046189d', -1, '1608831471000') on conflict (feedback_id, user_id) do nothing;
insert into votes (vote_id, feedback_id, user_id, vote, v_timestamp) values ('e5a70283-8d82-48dc-8b68-4a48dddde2ec', 'aaedbce6-bb57-4214-b52b-e6839a0214d9', '5db7c8b8-530d-4d9b-8db2-7c0b9cae8951', -1, '1609417790000') on conflict (feedback_id, user_id) do nothing;
insert into votes (vote_id, feedback_id, user_id, vote, v_timestamp) values ('f63a3a8f-b981-4a81-b932-9966502fde66', '259b28d4-094f-4f2e-8261-a6380de38d42', '88cf9dd1-62f3-49ed-a0aa-ffecfb2128e5', -1, '1608771871000') on conflict (feedback_id, user_id) do nothing;
insert into votes (vote_id, feedback_id, user_id, vote, v_timestamp) values ('86d01081-8464-4477-a321-3bc4ac6c4d30', 'e2bd7e95-a4ca-40de-8dd7-b3bf7298511e', 'd61ef908-5f01-4a41-b828-2284cb1125ff', -1, '1609104867000') on conflict (feedback_id, user_id) do nothing;
insert into votes (vote_id, feedback_id, user_id, vote, v_timestamp) values ('6241c152-851b-4e9e-9ce0-bb12817c8e0e', 'aaedbce6-bb57-4214-b52b-e6839a0214d9', 'c7103201-bb1e-4692-a756-1c7b5689c01d', -1, '1606552944000') on conflict (feedback_id, user_id) do nothing;
insert into votes (vote_id, feedback_id, user_id, vote, v_timestamp) values ('ff2df42a-a0a1-4427-b7cf-eb6b5d48cd72', '4b0295b5-d409-4ac0-abdb-bbb4b8fd792c', 'a67850fe-36a6-4ef8-989b-d5c663bb6570', 1, '1604626178000') on conflict (feedback_id, user_id) do nothing;
insert into votes (vote_id, feedback_id, user_id, vote, v_timestamp) values ('6f948690-d310-42b8-9bba-314304bd4066', 'daf6855f-3a1d-498e-8620-60d309e609aa', 'c7103201-bb1e-4692-a756-1c7b5689c01d', -1, '1604733474000') on conflict (feedback_id, user_id) do nothing;
insert into votes (vote_id, feedback_id, user_id, vote, v_timestamp) values ('f9a806dd-3b7a-41e0-9946-92a70b7852f3', '70e02052-f639-4295-8c05-ce6146f3ed9a', '41c8e14a-0245-4e8d-90b8-95a009973899', 1, '1607942208000') on conflict (feedback_id, user_id) do nothing;
insert into votes (vote_id, feedback_id, user_id, vote, v_timestamp) values ('2bb633a7-c3ad-4ef2-9bec-d133b810db6d', '6832fdcb-3493-4a75-a893-109039368043', '3497c637-70b7-429a-a0a4-5e4756e1da7f', -1, '1611709131000') on conflict (feedback_id, user_id) do nothing;
insert into votes (vote_id, feedback_id, user_id, vote, v_timestamp) values ('7a694956-867b-4285-91fc-643684558e0b', 'bee9ea7e-fd58-46e4-a41f-dbfcbcb3a704', '1f419c69-9f2b-417b-bf47-ec96dcaec10e', 1, '1611733496000') on conflict (feedback_id, user_id) do nothing;
insert into votes (vote_id, feedback_id, user_id, vote, v_timestamp) values ('a83bc7c4-91e8-469d-bfea-880e8e9c4f3b', '5cf45183-0915-4aba-8246-a78aa754ce13', 'a574d601-4be4-4499-8f98-7f2b2e168e0e', 1, '1603976086000') on conflict (feedback_id, user_id) do nothing;
insert into votes (vote_id, feedback_id, user_id, vote, v_timestamp) values ('fba0e3ef-9265-45b6-be72-ef63b905d547', '3cea75bc-f7ce-42d8-b8ea-612806b441d3', '3497c637-70b7-429a-a0a4-5e4756e1da7f', 1, '1607789518000') on conflict (feedback_id, user_id) do nothing;
insert into votes (vote_id, feedback_id, user_id, vote, v_timestamp) values ('029cae4d-a5bb-4d7e-9109-1a197b64ee73', '6832fdcb-3493-4a75-a893-109039368043', 'd61ef908-5f01-4a41-b828-2284cb1125ff', -1, '1609252565000') on conflict (feedback_id, user_id) do nothing;
insert into votes (vote_id, feedback_id, user_id, vote, v_timestamp) values ('81bc81eb-f34d-408d-8ba7-97f9ecc2c9f8', '7f0de213-0939-456f-bb48-15060af3d9e3', '273dd52d-59d1-4442-9379-182f420b2e04', -1, '1609019897000') on conflict (feedback_id, user_id) do nothing;
insert into votes (vote_id, feedback_id, user_id, vote, v_timestamp) values ('eb3ee60e-6db9-4c41-b62a-bb1633698ac1', '70e02052-f639-4295-8c05-ce6146f3ed9a', '273dd52d-59d1-4442-9379-182f420b2e04', 1, '1606418757000') on conflict (feedback_id, user_id) do nothing;
insert into votes (vote_id, feedback_id, user_id, vote, v_timestamp) values ('e936430a-34bf-41ac-ab6d-93cc5fe748d5', '9b5da824-eb47-43ea-87ff-cbf500c9cbe7', 'e32d597a-eb53-4a7a-8a6e-d1aa46bd9396', 1, '1610650685000') on conflict (feedback_id, user_id) do nothing;
insert into votes (vote_id, feedback_id, user_id, vote, v_timestamp) values ('455bfb89-3f45-4f89-84b0-36f5c0c3f928', '64d3c556-d264-498c-9d19-02076191ebda', '273dd52d-59d1-4442-9379-182f420b2e04', 1, '1604704659000') on conflict (feedback_id, user_id) do nothing;
insert into votes (vote_id, feedback_id, user_id, vote, v_timestamp) values ('f0d70c54-ff2e-4a88-8c15-0448e6d54392', 'b45c1059-2914-4b7b-81f7-1d77c0b7279b', 'd61ef908-5f01-4a41-b828-2284cb1125ff', 1, '1605389077000') on conflict (feedback_id, user_id) do nothing;
insert into votes (vote_id, feedback_id, user_id, vote, v_timestamp) values ('ff502ff7-3a6c-4ea3-afb3-6ce303ce4f9c', '0a089831-f830-48dd-8f0e-5598b815cce5', '8eb7033e-8baf-42d1-8238-1956cf7df0df', -1, '1611332753000') on conflict (feedback_id, user_id) do nothing;
insert into votes (vote_id, feedback_id, user_id, vote, v_timestamp) values ('ee17364b-0a78-4db7-a476-89381de04fe4', '8b26fa03-b967-4118-bd42-3d192beaba75', '0b2dc280-2fb5-4d8b-9200-96cf00fc1a25', -1, '1607989311000') on conflict (feedback_id, user_id) do nothing;
insert into votes (vote_id, feedback_id, user_id, vote, v_timestamp) values ('c6b49632-9be9-4758-919a-37a4e6caf914', 'bee9ea7e-fd58-46e4-a41f-dbfcbcb3a704', '527ec98e-30f1-4457-b377-711a3777ddb1', 1, '1611055236000') on conflict (feedback_id, user_id) do nothing;
insert into votes (vote_id, feedback_id, user_id, vote, v_timestamp) values ('f7b0a66c-ad26-4c3e-9199-64507d142377', 'd70bcdd7-dd87-4688-9581-28cf24952f93', 'cc7c954e-dffe-4ac7-9214-fe337e611c64', -1, '1612177303000') on conflict (feedback_id, user_id) do nothing;
insert into votes (vote_id, feedback_id, user_id, vote, v_timestamp) values ('ae4c6867-d69f-4bdf-91ac-60ff952c0f2e', '42680497-77fa-4df7-ae96-024110e42223', 'd61ef908-5f01-4a41-b828-2284cb1125ff', -1, '1605695132000') on conflict (feedback_id, user_id) do nothing;
insert into votes (vote_id, feedback_id, user_id, vote, v_timestamp) values ('b9bad310-a85b-4f30-8046-27f787fa7f74', 'eb676012-df06-4fd7-ba30-cbe30f34a4e3', 'a67850fe-36a6-4ef8-989b-d5c663bb6570', -1, '1610991580000') on conflict (feedback_id, user_id) do nothing;
insert into votes (vote_id, feedback_id, user_id, vote, v_timestamp) values ('263dff6f-cd41-4173-88fd-aeaeec046dfd', 'c968aaa6-00c6-4d4f-814d-6eac613527d4', '1f419c69-9f2b-417b-bf47-ec96dcaec10e', -1, '1606640431000') on conflict (feedback_id, user_id) do nothing;
insert into votes (vote_id, feedback_id, user_id, vote, v_timestamp) values ('4f1bad56-8401-45a6-90c5-bd1ad6f4e584', '6455c938-13c5-4846-a0f5-774741cfc7c4', '84993557-73b4-4655-b16f-90a906c06c28', -1, '1605418044000') on conflict (feedback_id, user_id) do nothing;
insert into votes (vote_id, feedback_id, user_id, vote, v_timestamp) values ('a1ae0605-d240-42a7-aa4f-3918a031d319', 'd70bcdd7-dd87-4688-9581-28cf24952f93', 'a67850fe-36a6-4ef8-989b-d5c663bb6570', 1, '1609079808000') on conflict (feedback_id, user_id) do nothing;
insert into votes (vote_id, feedback_id, user_id, vote, v_timestamp) values ('30f753ba-26fa-4b2a-ad2b-b792409cc499', '1bbcc19b-d9bb-4ec7-b235-95d94a9b0d79', 'bfe0d540-653b-475a-a20c-2ac1297ac7c0', -1, '1610397973000') on conflict (feedback_id, user_id) do nothing;
insert into votes (vote_id, feedback_id, user_id, vote, v_timestamp) values ('89afe89b-e07d-4168-a471-bc749dc56a53', 'b2679561-6577-4f8c-915c-de8ba7edcf65', '212d7c4c-ebee-47c7-acb8-83420f6ac2f3', -1, '1611444334000') on conflict (feedback_id, user_id) do nothing;
insert into votes (vote_id, feedback_id, user_id, vote, v_timestamp) values ('453694b5-09c4-4646-91a0-cae191a70398', 'b2e4d454-cbc7-4712-a5b1-85ce5cf2bfd4', '527ec98e-30f1-4457-b377-711a3777ddb1', -1, '1610240100000') on conflict (feedback_id, user_id) do nothing;
insert into votes (vote_id, feedback_id, user_id, vote, v_timestamp) values ('925992b1-a5e2-4d6b-915b-90033d720fc4', '0b73f746-6a72-4101-b374-f82a0e4e5ebb', '5db7c8b8-530d-4d9b-8db2-7c0b9cae8951', -1, '1609236099000') on conflict (feedback_id, user_id) do nothing;
insert into votes (vote_id, feedback_id, user_id, vote, v_timestamp) values ('24b51842-4f0c-4c71-94de-e897732da3de', 'd9f525f1-0fe3-42d8-950b-2dcd4cc868a5', '4b6a0669-8fd9-4d44-8c9f-6d7cb046189d', 1, '1611561848000') on conflict (feedback_id, user_id) do nothing;
insert into votes (vote_id, feedback_id, user_id, vote, v_timestamp) values ('1ba9f0cd-247b-4bdd-915f-698534444dfb', '5b18a624-de07-4cc0-8a0c-50ce1b938c95', '84993557-73b4-4655-b16f-90a906c06c28', 1, '1610064066000') on conflict (feedback_id, user_id) do nothing;
insert into votes (vote_id, feedback_id, user_id, vote, v_timestamp) values ('bca510bd-3b62-421a-abb1-ee4a78ad2cd3', '70e02052-f639-4295-8c05-ce6146f3ed9a', '1f419c69-9f2b-417b-bf47-ec96dcaec10e', 1, '1611746866000') on conflict (feedback_id, user_id) do nothing;
insert into votes (vote_id, feedback_id, user_id, vote, v_timestamp) values ('2b4307aa-a0d7-48a1-8183-6e1f7dbd9f6e', '259b28d4-094f-4f2e-8261-a6380de38d42', '3497c637-70b7-429a-a0a4-5e4756e1da7f', -1, '1609182604000') on conflict (feedback_id, user_id) do nothing;
insert into votes (vote_id, feedback_id, user_id, vote, v_timestamp) values ('ce995791-7738-4597-abaf-104cf5ccbe04', '4b0295b5-d409-4ac0-abdb-bbb4b8fd792c', '4807fe48-80b6-43fc-b8ef-2b6b2de6b5ab', -1, '1607783040000') on conflict (feedback_id, user_id) do nothing;
insert into votes (vote_id, feedback_id, user_id, vote, v_timestamp) values ('05f926c3-252c-4b8b-a73f-588bd49dcaf1', '42680497-77fa-4df7-ae96-024110e42223', '0b2dc280-2fb5-4d8b-9200-96cf00fc1a25', -1, '1612265826000') on conflict (feedback_id, user_id) do nothing;
insert into votes (vote_id, feedback_id, user_id, vote, v_timestamp) values ('d4dcdf49-5f70-484c-8089-5a3fcd64777b', 'b2e4d454-cbc7-4712-a5b1-85ce5cf2bfd4', 'a67850fe-36a6-4ef8-989b-d5c663bb6570', 1, '1604965475000') on conflict (feedback_id, user_id) do nothing;
insert into votes (vote_id, feedback_id, user_id, vote, v_timestamp) values ('5b0961f7-7318-4253-89fd-f84fdb7d311c', '10938348-2971-4a1a-a250-16ad32d7b87b', '4807fe48-80b6-43fc-b8ef-2b6b2de6b5ab', 1, '1607155586000') on conflict (feedback_id, user_id) do nothing;
insert into votes (vote_id, feedback_id, user_id, vote, v_timestamp) values ('190ca6cc-f35f-42c3-96e5-fc9165c742ba', '0c82c2ad-de67-4287-93c9-d3d40c221005', 'e32d597a-eb53-4a7a-8a6e-d1aa46bd9396', -1, '1610744000000') on conflict (feedback_id, user_id) do nothing;
insert into votes (vote_id, feedback_id, user_id, vote, v_timestamp) values ('79264450-2456-4705-a15c-2b2402e4d85b', '9c848b2c-f45e-4650-8350-1a8adf2b38dc', '4b6a0669-8fd9-4d44-8c9f-6d7cb046189d', 1, '1612232992000') on conflict (feedback_id, user_id) do nothing;
insert into votes (vote_id, feedback_id, user_id, vote, v_timestamp) values ('e75cf70a-c9a9-44c2-b7f8-28d0a1c42230', '5b18a624-de07-4cc0-8a0c-50ce1b938c95', '4c4756e6-e113-4db2-830b-2983af2497fd', -1, '1609416782000') on conflict (feedback_id, user_id) do nothing;
insert into votes (vote_id, feedback_id, user_id, vote, v_timestamp) values ('2727d6e5-29a0-4e89-a6f8-4ffc82bf93ea', '9b5591fe-b4f4-41b7-81c4-dd98a4cf9856', 'cc7c954e-dffe-4ac7-9214-fe337e611c64', -1, '1606548523000') on conflict (feedback_id, user_id) do nothing;
insert into votes (vote_id, feedback_id, user_id, vote, v_timestamp) values ('e7b24897-cd4a-4e11-8edb-41d28ffff7e2', '030a0609-f683-4670-b7f4-80ef3056bfd8', 'c4c68995-d0a0-4515-94b4-78551007f341', 1, '1610270978000') on conflict (feedback_id, user_id) do nothing;
insert into votes (vote_id, feedback_id, user_id, vote, v_timestamp) values ('f5f1de00-c0e3-4c34-91f0-df268a56b4cc', '64d3c556-d264-498c-9d19-02076191ebda', '84993557-73b4-4655-b16f-90a906c06c28', -1, '1611878786000') on conflict (feedback_id, user_id) do nothing;
insert into votes (vote_id, feedback_id, user_id, vote, v_timestamp) values ('93e21720-d904-4b78-a753-09d852991f09', '9c848b2c-f45e-4650-8350-1a8adf2b38dc', '4b6a0669-8fd9-4d44-8c9f-6d7cb046189d', -1, '1608195995000') on conflict (feedback_id, user_id) do nothing;
insert into votes (vote_id, feedback_id, user_id, vote, v_timestamp) values ('b7ce45ab-d6b1-4059-841c-2ad56abbeb7d', '70e02052-f639-4295-8c05-ce6146f3ed9a', '3497c637-70b7-429a-a0a4-5e4756e1da7f', 1, '1606174378000') on conflict (feedback_id, user_id) do nothing;
insert into votes (vote_id, feedback_id, user_id, vote, v_timestamp) values ('05f3204c-9ed6-4f76-853f-d331101a01f2', 'e2bd7e95-a4ca-40de-8dd7-b3bf7298511e', '3497c637-70b7-429a-a0a4-5e4756e1da7f', -1, '1605043275000') on conflict (feedback_id, user_id) do nothing;
insert into votes (vote_id, feedback_id, user_id, vote, v_timestamp) values ('1da92d6c-cd75-4847-8447-90470594fe21', '0c82c2ad-de67-4287-93c9-d3d40c221005', '273dd52d-59d1-4442-9379-182f420b2e04', -1, '1606000467000') on conflict (feedback_id, user_id) do nothing;
insert into votes (vote_id, feedback_id, user_id, vote, v_timestamp) values ('7d702ef2-445f-4eb9-8842-3ada783fa776', '8b26fa03-b967-4118-bd42-3d192beaba75', 'c4c68995-d0a0-4515-94b4-78551007f341', -1, '1612076058000') on conflict (feedback_id, user_id) do nothing;
insert into votes (vote_id, feedback_id, user_id, vote, v_timestamp) values ('5bc2f410-c803-48a2-9a81-2f4d18b7dcb1', '2fb77ce2-993a-436e-becd-f84fffbc483f', 'd61ef908-5f01-4a41-b828-2284cb1125ff', -1, '1604790533000') on conflict (feedback_id, user_id) do nothing;
insert into votes (vote_id, feedback_id, user_id, vote, v_timestamp) values ('3d41d6df-2b9a-4989-b467-e542b8075eba', '10938348-2971-4a1a-a250-16ad32d7b87b', 'cc7c954e-dffe-4ac7-9214-fe337e611c64', -1, '1609953646000') on conflict (feedback_id, user_id) do nothing;
insert into votes (vote_id, feedback_id, user_id, vote, v_timestamp) values ('cee92891-6f21-41ad-b0d6-cc504ef1c28d', '9b5da824-eb47-43ea-87ff-cbf500c9cbe7', '527ec98e-30f1-4457-b377-711a3777ddb1', 1, '1604612182000') on conflict (feedback_id, user_id) do nothing;
insert into votes (vote_id, feedback_id, user_id, vote, v_timestamp) values ('ba6aabc4-095d-41b5-9a0c-1f9554cc7f22', '79ec2260-ede3-4a24-946c-62f291aa1205', '4807fe48-80b6-43fc-b8ef-2b6b2de6b5ab', -1, '1603932748000') on conflict (feedback_id, user_id) do nothing;
insert into votes (vote_id, feedback_id, user_id, vote, v_timestamp) values ('0d57183b-1b13-4326-8d85-1fd7e5eea601', '2973b3b3-bd5b-4d8f-9a24-c7630fff4c97', '0b2dc280-2fb5-4d8b-9200-96cf00fc1a25', -1, '1606743115000') on conflict (feedback_id, user_id) do nothing;
insert into votes (vote_id, feedback_id, user_id, vote, v_timestamp) values ('636e0848-a730-41e1-b4c4-bd9778cfe8b9', '9b5591fe-b4f4-41b7-81c4-dd98a4cf9856', 'e32d597a-eb53-4a7a-8a6e-d1aa46bd9396', -1, '1609481402000') on conflict (feedback_id, user_id) do nothing;
insert into votes (vote_id, feedback_id, user_id, vote, v_timestamp) values ('967dae3f-f30d-498f-b5df-a81740882102', '1bbcc19b-d9bb-4ec7-b235-95d94a9b0d79', 'e32d597a-eb53-4a7a-8a6e-d1aa46bd9396', 1, '1604741561000') on conflict (feedback_id, user_id) do nothing;
insert into votes (vote_id, feedback_id, user_id, vote, v_timestamp) values ('1811b1ea-3a11-462f-8210-21574cccc0ab', '6455c938-13c5-4846-a0f5-774741cfc7c4', 'c7103201-bb1e-4692-a756-1c7b5689c01d', -1, '1607834583000') on conflict (feedback_id, user_id) do nothing;
insert into votes (vote_id, feedback_id, user_id, vote, v_timestamp) values ('7a093434-1919-4d9c-aae1-b8b52b876dea', '45d5aeef-47c4-4455-a644-b68e222cc395', '4c4756e6-e113-4db2-830b-2983af2497fd', 1, '1605327639000') on conflict (feedback_id, user_id) do nothing;
insert into votes (vote_id, feedback_id, user_id, vote, v_timestamp) values ('eb5d3816-48d9-4007-adcb-a45df10fed5d', 'daf6855f-3a1d-498e-8620-60d309e609aa', '88cf9dd1-62f3-49ed-a0aa-ffecfb2128e5', -1, '1604162716000') on conflict (feedback_id, user_id) do nothing;
insert into votes (vote_id, feedback_id, user_id, vote, v_timestamp) values ('87a9c473-a830-4df9-9c39-145aa8d2225e', '42680497-77fa-4df7-ae96-024110e42223', 'c4c68995-d0a0-4515-94b4-78551007f341', 1, '1607209128000') on conflict (feedback_id, user_id) do nothing;
insert into votes (vote_id, feedback_id, user_id, vote, v_timestamp) values ('7f8ce724-6b77-4d9d-bc4c-f8a7c92b51ad', '4499bd8b-8798-490f-8f4d-3f0064854b25', '4b6a0669-8fd9-4d44-8c9f-6d7cb046189d', 1, '1605156574000') on conflict (feedback_id, user_id) do nothing;
insert into votes (vote_id, feedback_id, user_id, vote, v_timestamp) values ('7c2a9571-f40e-499b-9b89-32e58bd06ace', 'e2bd7e95-a4ca-40de-8dd7-b3bf7298511e', '1f419c69-9f2b-417b-bf47-ec96dcaec10e', -1, '1612276914000') on conflict (feedback_id, user_id) do nothing;
insert into votes (vote_id, feedback_id, user_id, vote, v_timestamp) values ('66178e47-5680-4469-9655-ad5516ef6629', '0a089831-f830-48dd-8f0e-5598b815cce5', '41c8e14a-0245-4e8d-90b8-95a009973899', -1, '1610583721000') on conflict (feedback_id, user_id) do nothing;
insert into votes (vote_id, feedback_id, user_id, vote, v_timestamp) values ('18c5b519-37ae-416a-92b9-df909cb3d530', 'c77fe95c-2d22-4a80-bd63-bfa265ed07d5', '527ec98e-30f1-4457-b377-711a3777ddb1', 1, '1611954992000') on conflict (feedback_id, user_id) do nothing;
insert into votes (vote_id, feedback_id, user_id, vote, v_timestamp) values ('14bb7c91-d612-4aba-9ec8-663886164f73', 'aaedbce6-bb57-4214-b52b-e6839a0214d9', '2d0dbb5a-7735-4052-b478-5405c4120354', 1, '1604153452000') on conflict (feedback_id, user_id) do nothing;
insert into votes (vote_id, feedback_id, user_id, vote, v_timestamp) values ('cfe473a6-2698-4e74-a26a-54fb6896ab7a', '38fa508b-b03d-483a-86ec-6cd6fcb88b24', 'a67850fe-36a6-4ef8-989b-d5c663bb6570', -1, '1606701163000') on conflict (feedback_id, user_id) do nothing;
insert into votes (vote_id, feedback_id, user_id, vote, v_timestamp) values ('e56294dc-b3f7-455d-8e7a-3532aaf09160', '4e2e0932-cd9b-4dc8-b742-19a548246656', '5db7c8b8-530d-4d9b-8db2-7c0b9cae8951', -1, '1609184209000') on conflict (feedback_id, user_id) do nothing;
insert into votes (vote_id, feedback_id, user_id, vote, v_timestamp) values ('e468493c-5e99-4506-a2c9-877a4f7cf2af', 'eb676012-df06-4fd7-ba30-cbe30f34a4e3', '4b6a0669-8fd9-4d44-8c9f-6d7cb046189d', -1, '1605663927000') on conflict (feedback_id, user_id) do nothing;
insert into votes (vote_id, feedback_id, user_id, vote, v_timestamp) values ('c0b3aab4-de90-48ec-bb4d-c52f871df7ce', '060d5fc0-a6f6-4df9-9d07-c1d1237dc3e7', '4807fe48-80b6-43fc-b8ef-2b6b2de6b5ab', -1, '1610048834000') on conflict (feedback_id, user_id) do nothing;
insert into votes (vote_id, feedback_id, user_id, vote, v_timestamp) values ('3402ed4f-83f6-4d4c-9515-ccba87df97ed', 'e0f84c69-25b3-4d46-9c5b-8b595a670c88', '2738bbb8-e29b-460b-a96d-a37adf1f488f', 1, '1612008580000') on conflict (feedback_id, user_id) do nothing;
insert into votes (vote_id, feedback_id, user_id, vote, v_timestamp) values ('93143db0-d7e0-4343-b919-3a935ccf5e95', '5b18a624-de07-4cc0-8a0c-50ce1b938c95', '527ec98e-30f1-4457-b377-711a3777ddb1', 1, '1611795874000') on conflict (feedback_id, user_id) do nothing;
insert into votes (vote_id, feedback_id, user_id, vote, v_timestamp) values ('98e14f2f-a3d0-437c-82b1-81b0960a6a3c', '5cf45183-0915-4aba-8246-a78aa754ce13', '212d7c4c-ebee-47c7-acb8-83420f6ac2f3', -1, '1609866024000') on conflict (feedback_id, user_id) do nothing;
insert into votes (vote_id, feedback_id, user_id, vote, v_timestamp) values ('2d3893cc-f244-43bb-8c67-ae40815bf4fb', 'b23cbc1b-af54-4fff-b326-d1d98a6d51ad', '3497c637-70b7-429a-a0a4-5e4756e1da7f', 1, '1607140579000') on conflict (feedback_id, user_id) do nothing;
insert into votes (vote_id, feedback_id, user_id, vote, v_timestamp) values ('143d660b-a5f8-4d92-8112-25ba8c7b439f', '38fa508b-b03d-483a-86ec-6cd6fcb88b24', '4b6a0669-8fd9-4d44-8c9f-6d7cb046189d', -1, '1605779706000') on conflict (feedback_id, user_id) do nothing;
insert into votes (vote_id, feedback_id, user_id, vote, v_timestamp) values ('b8a060a0-c479-4140-a332-110c24690d4d', '060d5fc0-a6f6-4df9-9d07-c1d1237dc3e7', 'cc7c954e-dffe-4ac7-9214-fe337e611c64', 1, '1607755270000') on conflict (feedback_id, user_id) do nothing;
insert into votes (vote_id, feedback_id, user_id, vote, v_timestamp) values ('f6a16ebf-577b-4561-9c62-b1d20a38548f', '9b5591fe-b4f4-41b7-81c4-dd98a4cf9856', '527ec98e-30f1-4457-b377-711a3777ddb1', -1, '1608063548000') on conflict (feedback_id, user_id) do nothing;
insert into votes (vote_id, feedback_id, user_id, vote, v_timestamp) values ('2ffd3b2a-bba1-4397-8401-0317e558476a', 'c968aaa6-00c6-4d4f-814d-6eac613527d4', '527ec98e-30f1-4457-b377-711a3777ddb1', -1, '1604070338000') on conflict (feedback_id, user_id) do nothing;
insert into votes (vote_id, feedback_id, user_id, vote, v_timestamp) values ('50b9052e-8796-417e-a780-8ad6e13cddac', '4b0295b5-d409-4ac0-abdb-bbb4b8fd792c', 'd61ef908-5f01-4a41-b828-2284cb1125ff', -1, '1604337085000') on conflict (feedback_id, user_id) do nothing;
insert into votes (vote_id, feedback_id, user_id, vote, v_timestamp) values ('7fa2638f-1bb5-47ee-98ba-04fd6c1a4d0b', '00c905af-d90c-4a89-a9ac-1628c7f27901', '4b6a0669-8fd9-4d44-8c9f-6d7cb046189d', 1, '1608588928000') on conflict (feedback_id, user_id) do nothing;
insert into votes (vote_id, feedback_id, user_id, vote, v_timestamp) values ('e1cef0a7-0750-4305-8df7-815ee09e9e29', '10938348-2971-4a1a-a250-16ad32d7b87b', '1f419c69-9f2b-417b-bf47-ec96dcaec10e', -1, '1610891396000') on conflict (feedback_id, user_id) do nothing;
insert into votes (vote_id, feedback_id, user_id, vote, v_timestamp) values ('2caa5bc4-9062-42cc-bff6-18dd59570b8d', '9b5591fe-b4f4-41b7-81c4-dd98a4cf9856', '84993557-73b4-4655-b16f-90a906c06c28', 1, '1607486374000') on conflict (feedback_id, user_id) do nothing;
insert into votes (vote_id, feedback_id, user_id, vote, v_timestamp) values ('1f139328-ad3e-4ac5-84e8-861823129e10', '6455c938-13c5-4846-a0f5-774741cfc7c4', '2738bbb8-e29b-460b-a96d-a37adf1f488f', 1, '1609573785000') on conflict (feedback_id, user_id) do nothing;
insert into votes (vote_id, feedback_id, user_id, vote, v_timestamp) values ('66d5b74f-1f02-45e2-acc7-91f2dbda74d3', '10938348-2971-4a1a-a250-16ad32d7b87b', '527ec98e-30f1-4457-b377-711a3777ddb1', -1, '1606963701000') on conflict (feedback_id, user_id) do nothing;
insert into votes (vote_id, feedback_id, user_id, vote, v_timestamp) values ('5345eb83-0698-42bf-9f05-88d292f8e81f', '9b5591fe-b4f4-41b7-81c4-dd98a4cf9856', '3497c637-70b7-429a-a0a4-5e4756e1da7f', -1, '1612069408000') on conflict (feedback_id, user_id) do nothing;
insert into votes (vote_id, feedback_id, user_id, vote, v_timestamp) values ('7a69aae5-661a-4087-8dab-9c66f833ca98', 'e2bd7e95-a4ca-40de-8dd7-b3bf7298511e', '2d0dbb5a-7735-4052-b478-5405c4120354', -1, '1607002493000') on conflict (feedback_id, user_id) do nothing;
insert into votes (vote_id, feedback_id, user_id, vote, v_timestamp) values ('f67d0cea-d036-41e7-91a0-5a65d74562e9', '5b18a624-de07-4cc0-8a0c-50ce1b938c95', '88cf9dd1-62f3-49ed-a0aa-ffecfb2128e5', -1, '1609718130000') on conflict (feedback_id, user_id) do nothing;
insert into votes (vote_id, feedback_id, user_id, vote, v_timestamp) values ('226c7bd3-3c53-4396-a100-358ea4788d3e', 'c77fe95c-2d22-4a80-bd63-bfa265ed07d5', '212d7c4c-ebee-47c7-acb8-83420f6ac2f3', -1, '1611179626000') on conflict (feedback_id, user_id) do nothing;
insert into votes (vote_id, feedback_id, user_id, vote, v_timestamp) values ('05f058d4-8351-4891-babb-93a55d12b260', '8b26fa03-b967-4118-bd42-3d192beaba75', '2738bbb8-e29b-460b-a96d-a37adf1f488f', 1, '1605231709000') on conflict (feedback_id, user_id) do nothing;
insert into votes (vote_id, feedback_id, user_id, vote, v_timestamp) values ('29a9d9c8-071b-4961-a491-5cbeede1d9cb', '8b7c3530-be25-490f-b25e-8ccad5ac46ab', 'c7103201-bb1e-4692-a756-1c7b5689c01d', -1, '1605547578000') on conflict (feedback_id, user_id) do nothing;
insert into votes (vote_id, feedback_id, user_id, vote, v_timestamp) values ('b1a2c428-54cb-4ff9-becb-5a0e0c53a1da', '70e02052-f639-4295-8c05-ce6146f3ed9a', '4b6a0669-8fd9-4d44-8c9f-6d7cb046189d', 1, '1608123479000') on conflict (feedback_id, user_id) do nothing;
insert into votes (vote_id, feedback_id, user_id, vote, v_timestamp) values ('468786be-50f7-48a2-9204-a290cb7dd760', '38fa508b-b03d-483a-86ec-6cd6fcb88b24', '7a9399af-e5f4-412f-a3c9-90cff9c23a54', 1, '1611313929000') on conflict (feedback_id, user_id) do nothing;
insert into votes (vote_id, feedback_id, user_id, vote, v_timestamp) values ('7a4d55e9-8777-467c-9eef-b34aa042a63e', 'e0f84c69-25b3-4d46-9c5b-8b595a670c88', 'd61ef908-5f01-4a41-b828-2284cb1125ff', -1, '1605756224000') on conflict (feedback_id, user_id) do nothing;
insert into votes (vote_id, feedback_id, user_id, vote, v_timestamp) values ('b0fd8cef-c324-482e-86dd-f04ffd91fa83', '259b28d4-094f-4f2e-8261-a6380de38d42', '4c4756e6-e113-4db2-830b-2983af2497fd', 1, '1606729353000') on conflict (feedback_id, user_id) do nothing;
insert into votes (vote_id, feedback_id, user_id, vote, v_timestamp) values ('2b44e1ea-9d6e-423e-8484-35be113638dd', '6832fdcb-3493-4a75-a893-109039368043', '4807fe48-80b6-43fc-b8ef-2b6b2de6b5ab', 1, '1611777269000') on conflict (feedback_id, user_id) do nothing;
insert into votes (vote_id, feedback_id, user_id, vote, v_timestamp) values ('05ebf3f0-f6c7-4df6-8ef9-bba321b044c5', '259b28d4-094f-4f2e-8261-a6380de38d42', 'd61ef908-5f01-4a41-b828-2284cb1125ff', -1, '1611007306000') on conflict (feedback_id, user_id) do nothing;
insert into votes (vote_id, feedback_id, user_id, vote, v_timestamp) values ('190ce9ce-9479-46cd-afb2-305085b4afac', '0a089831-f830-48dd-8f0e-5598b815cce5', 'd61ef908-5f01-4a41-b828-2284cb1125ff', -1, '1607247580000') on conflict (feedback_id, user_id) do nothing;
insert into votes (vote_id, feedback_id, user_id, vote, v_timestamp) values ('cb4447c8-011b-4b7b-b7a4-e9a54ecc6ba5', '00b94f78-add9-4aae-90fa-c3965e15e8e9', '7a9399af-e5f4-412f-a3c9-90cff9c23a54', -1, '1612170965000') on conflict (feedback_id, user_id) do nothing;
insert into votes (vote_id, feedback_id, user_id, vote, v_timestamp) values ('438ebe50-1a6a-4e84-bcca-50a245d225ab', 'e2bd7e95-a4ca-40de-8dd7-b3bf7298511e', 'd61ef908-5f01-4a41-b828-2284cb1125ff', -1, '1611878123000') on conflict (feedback_id, user_id) do nothing;
insert into votes (vote_id, feedback_id, user_id, vote, v_timestamp) values ('158710e7-e017-4da7-81da-143d8e31a530', '4b0295b5-d409-4ac0-abdb-bbb4b8fd792c', '8eb7033e-8baf-42d1-8238-1956cf7df0df', 1, '1607396228000') on conflict (feedback_id, user_id) do nothing;
insert into votes (vote_id, feedback_id, user_id, vote, v_timestamp) values ('c6f2c78f-078b-41e2-a6dc-4649a25bc113', 'd9f525f1-0fe3-42d8-950b-2dcd4cc868a5', '1f419c69-9f2b-417b-bf47-ec96dcaec10e', -1, '1607545459000') on conflict (feedback_id, user_id) do nothing;
insert into votes (vote_id, feedback_id, user_id, vote, v_timestamp) values ('455f6f83-541d-4c7e-a9a0-8a7a59bfb363', '259b28d4-094f-4f2e-8261-a6380de38d42', '3497c637-70b7-429a-a0a4-5e4756e1da7f', -1, '1610330175000') on conflict (feedback_id, user_id) do nothing;
insert into votes (vote_id, feedback_id, user_id, vote, v_timestamp) values ('249075ea-6d9b-47ec-a6a7-db85a769ea7f', 'd70bcdd7-dd87-4688-9581-28cf24952f93', '5db7c8b8-530d-4d9b-8db2-7c0b9cae8951', -1, '1608418679000') on conflict (feedback_id, user_id) do nothing;
insert into votes (vote_id, feedback_id, user_id, vote, v_timestamp) values ('01af0f82-853b-4e0a-9442-9db461e92bab', '45d5aeef-47c4-4455-a644-b68e222cc395', '5db7c8b8-530d-4d9b-8db2-7c0b9cae8951', 1, '1604240248000') on conflict (feedback_id, user_id) do nothing;
insert into votes (vote_id, feedback_id, user_id, vote, v_timestamp) values ('0b91218e-bdf5-4c8c-bc69-06d6b2ddad87', 'bee9ea7e-fd58-46e4-a41f-dbfcbcb3a704', 'bfe0d540-653b-475a-a20c-2ac1297ac7c0', 1, '1609287991000') on conflict (feedback_id, user_id) do nothing;
insert into votes (vote_id, feedback_id, user_id, vote, v_timestamp) values ('8bce37cf-45f4-4442-ad97-3e74da3511ef', '5cf45183-0915-4aba-8246-a78aa754ce13', '273dd52d-59d1-4442-9379-182f420b2e04', 1, '1610503418000') on conflict (feedback_id, user_id) do nothing;
insert into votes (vote_id, feedback_id, user_id, vote, v_timestamp) values ('8cf7f2ec-e6a1-4920-811c-d5dc1ba152e8', '1bbcc19b-d9bb-4ec7-b235-95d94a9b0d79', 'd61ef908-5f01-4a41-b828-2284cb1125ff', 1, '1606501222000') on conflict (feedback_id, user_id) do nothing;
insert into votes (vote_id, feedback_id, user_id, vote, v_timestamp) values ('918ee267-4ade-4e69-8bdc-2261f8ff4b7a', '6832fdcb-3493-4a75-a893-109039368043', 'c7103201-bb1e-4692-a756-1c7b5689c01d', 1, '1604834634000') on conflict (feedback_id, user_id) do nothing;
insert into votes (vote_id, feedback_id, user_id, vote, v_timestamp) values ('8ae01ed3-17eb-4ecf-bf06-14bfd716cace', '0a089831-f830-48dd-8f0e-5598b815cce5', 'e32d597a-eb53-4a7a-8a6e-d1aa46bd9396', 1, '1609581409000') on conflict (feedback_id, user_id) do nothing;
insert into votes (vote_id, feedback_id, user_id, vote, v_timestamp) values ('09471652-2c6a-4d2d-9ca5-692f3eb52bb5', 'bee9ea7e-fd58-46e4-a41f-dbfcbcb3a704', '41c8e14a-0245-4e8d-90b8-95a009973899', 1, '1608570012000') on conflict (feedback_id, user_id) do nothing;
insert into votes (vote_id, feedback_id, user_id, vote, v_timestamp) values ('c013e8f2-3c9a-41b6-86e6-05f13945f8eb', '00c905af-d90c-4a89-a9ac-1628c7f27901', '2d0dbb5a-7735-4052-b478-5405c4120354', 1, '1607970898000') on conflict (feedback_id, user_id) do nothing;
insert into votes (vote_id, feedback_id, user_id, vote, v_timestamp) values ('e8c49ace-c165-4cfa-9667-e05171baf969', '79ec2260-ede3-4a24-946c-62f291aa1205', '4807fe48-80b6-43fc-b8ef-2b6b2de6b5ab', 1, '1608492487000') on conflict (feedback_id, user_id) do nothing;
insert into votes (vote_id, feedback_id, user_id, vote, v_timestamp) values ('8b212a1a-2c1e-4588-864f-cfa18296b725', '45d5aeef-47c4-4455-a644-b68e222cc395', '273dd52d-59d1-4442-9379-182f420b2e04', 1, '1609313627000') on conflict (feedback_id, user_id) do nothing;
insert into votes (vote_id, feedback_id, user_id, vote, v_timestamp) values ('1469987a-19f7-4309-b81a-bc48f2184022', '0a089831-f830-48dd-8f0e-5598b815cce5', '4c4756e6-e113-4db2-830b-2983af2497fd', 1, '1609369745000') on conflict (feedback_id, user_id) do nothing;
insert into votes (vote_id, feedback_id, user_id, vote, v_timestamp) values ('b6994839-aeff-4872-88a6-81de4adf8ee3', '2973b3b3-bd5b-4d8f-9a24-c7630fff4c97', '527ec98e-30f1-4457-b377-711a3777ddb1', -1, '1610412081000') on conflict (feedback_id, user_id) do nothing;
insert into votes (vote_id, feedback_id, user_id, vote, v_timestamp) values ('e67772ab-c179-4d25-b39f-1d0449d967e6', '38fa508b-b03d-483a-86ec-6cd6fcb88b24', 'cc7c954e-dffe-4ac7-9214-fe337e611c64', 1, '1607876246000') on conflict (feedback_id, user_id) do nothing;
insert into votes (vote_id, feedback_id, user_id, vote, v_timestamp) values ('6c0c2369-905e-48d9-811c-fc3b558717aa', '10938348-2971-4a1a-a250-16ad32d7b87b', '7a9399af-e5f4-412f-a3c9-90cff9c23a54', 1, '1610851544000') on conflict (feedback_id, user_id) do nothing;
insert into votes (vote_id, feedback_id, user_id, vote, v_timestamp) values ('8d6f21a8-fcce-4002-866b-bc02bc3c3888', 'daf6855f-3a1d-498e-8620-60d309e609aa', 'cc7c954e-dffe-4ac7-9214-fe337e611c64', 1, '1606688939000') on conflict (feedback_id, user_id) do nothing;
insert into votes (vote_id, feedback_id, user_id, vote, v_timestamp) values ('e4132ccf-efae-465c-9dfb-96e3f2a9afc1', '3cea75bc-f7ce-42d8-b8ea-612806b441d3', 'cc7c954e-dffe-4ac7-9214-fe337e611c64', -1, '1608247359000') on conflict (feedback_id, user_id) do nothing;
insert into votes (vote_id, feedback_id, user_id, vote, v_timestamp) values ('fb7aa43d-4bb7-40e3-9bb7-5ef9f3c12b60', '10938348-2971-4a1a-a250-16ad32d7b87b', '212d7c4c-ebee-47c7-acb8-83420f6ac2f3', -1, '1610306007000') on conflict (feedback_id, user_id) do nothing;
insert into votes (vote_id, feedback_id, user_id, vote, v_timestamp) values ('1b4b7d7a-cf0f-4766-8010-4a0eb24e0236', '9b5591fe-b4f4-41b7-81c4-dd98a4cf9856', '7a9399af-e5f4-412f-a3c9-90cff9c23a54', -1, '1607838453000') on conflict (feedback_id, user_id) do nothing;
insert into votes (vote_id, feedback_id, user_id, vote, v_timestamp) values ('f3184168-4b34-44a6-a92b-7987e5274de7', '4405f4a4-b749-4a5b-bf30-3290f460bda2', '4b6a0669-8fd9-4d44-8c9f-6d7cb046189d', 1, '1612277046000') on conflict (feedback_id, user_id) do nothing;
insert into votes (vote_id, feedback_id, user_id, vote, v_timestamp) values ('716e1399-3325-479e-bc44-ac5d83cdd291', 'bee9ea7e-fd58-46e4-a41f-dbfcbcb3a704', '2738bbb8-e29b-460b-a96d-a37adf1f488f', 1, '1608428333000') on conflict (feedback_id, user_id) do nothing;
insert into votes (vote_id, feedback_id, user_id, vote, v_timestamp) values ('efbcbb42-0998-4613-99d4-8e3123d6ed99', '2fb77ce2-993a-436e-becd-f84fffbc483f', 'a67850fe-36a6-4ef8-989b-d5c663bb6570', -1, '1609789294000') on conflict (feedback_id, user_id) do nothing;
insert into votes (vote_id, feedback_id, user_id, vote, v_timestamp) values ('f6c584d8-6f6b-4ec8-9774-cccc9a592e62', '060d5fc0-a6f6-4df9-9d07-c1d1237dc3e7', 'bfe0d540-653b-475a-a20c-2ac1297ac7c0', 1, '1609974058000') on conflict (feedback_id, user_id) do nothing;
insert into votes (vote_id, feedback_id, user_id, vote, v_timestamp) values ('8f708bb2-9209-4d14-b0fe-b0deb6ba53fd', '38fa508b-b03d-483a-86ec-6cd6fcb88b24', '527ec98e-30f1-4457-b377-711a3777ddb1', 1, '1606765973000') on conflict (feedback_id, user_id) do nothing;
insert into votes (vote_id, feedback_id, user_id, vote, v_timestamp) values ('44d4b4c4-01bb-4d51-a9e1-aba82d2b2161', '00c905af-d90c-4a89-a9ac-1628c7f27901', 'c7103201-bb1e-4692-a756-1c7b5689c01d', -1, '1604958892000') on conflict (feedback_id, user_id) do nothing;
insert into votes (vote_id, feedback_id, user_id, vote, v_timestamp) values ('32efd96f-fe69-4bc4-bcf4-e3fafdea3c7a', '5cf45183-0915-4aba-8246-a78aa754ce13', '84993557-73b4-4655-b16f-90a906c06c28', 1, '1604735342000') on conflict (feedback_id, user_id) do nothing;
insert into votes (vote_id, feedback_id, user_id, vote, v_timestamp) values ('dd16c63e-abb6-49cf-8273-013f980780be', 'd9f525f1-0fe3-42d8-950b-2dcd4cc868a5', 'a67850fe-36a6-4ef8-989b-d5c663bb6570', 1, '1605402592000') on conflict (feedback_id, user_id) do nothing;
insert into votes (vote_id, feedback_id, user_id, vote, v_timestamp) values ('ec375b96-28e0-4d1f-aabf-32c04a8c8315', '8b7c3530-be25-490f-b25e-8ccad5ac46ab', '88cf9dd1-62f3-49ed-a0aa-ffecfb2128e5', 1, '1612132771000') on conflict (feedback_id, user_id) do nothing;
insert into votes (vote_id, feedback_id, user_id, vote, v_timestamp) values ('139421d7-e268-4e38-8764-b59e27676f06', '1a2dee96-23cc-48fb-a489-388a925ada47', 'd61ef908-5f01-4a41-b828-2284cb1125ff', 1, '1606523353000') on conflict (feedback_id, user_id) do nothing;
insert into votes (vote_id, feedback_id, user_id, vote, v_timestamp) values ('f08b3232-e133-4e46-b8ec-3a0bb471e13e', '4b0295b5-d409-4ac0-abdb-bbb4b8fd792c', '88cf9dd1-62f3-49ed-a0aa-ffecfb2128e5', 1, '1607737715000') on conflict (feedback_id, user_id) do nothing;
insert into votes (vote_id, feedback_id, user_id, vote, v_timestamp) values ('cb7b7f45-8750-4748-98aa-1e1b18dd7188', '4b0295b5-d409-4ac0-abdb-bbb4b8fd792c', '2d0dbb5a-7735-4052-b478-5405c4120354', 1, '1608423160000') on conflict (feedback_id, user_id) do nothing;
insert into votes (vote_id, feedback_id, user_id, vote, v_timestamp) values ('03a3487f-dbf9-42c0-9d88-75338540f2ed', 'd70bcdd7-dd87-4688-9581-28cf24952f93', '4807fe48-80b6-43fc-b8ef-2b6b2de6b5ab', -1, '1611442301000') on conflict (feedback_id, user_id) do nothing;
insert into votes (vote_id, feedback_id, user_id, vote, v_timestamp) values ('55621f5d-a547-4c2e-a61f-3ea5ab8882bd', '4b0295b5-d409-4ac0-abdb-bbb4b8fd792c', 'e32d597a-eb53-4a7a-8a6e-d1aa46bd9396', 1, '1606784333000') on conflict (feedback_id, user_id) do nothing;
insert into votes (vote_id, feedback_id, user_id, vote, v_timestamp) values ('23a12536-566d-40ce-a5f0-f0a2b72a486f', '4e2e0932-cd9b-4dc8-b742-19a548246656', '212d7c4c-ebee-47c7-acb8-83420f6ac2f3', 1, '1605702310000') on conflict (feedback_id, user_id) do nothing;
insert into votes (vote_id, feedback_id, user_id, vote, v_timestamp) values ('e3ed2915-7935-432a-9913-de806ae70621', '6832fdcb-3493-4a75-a893-109039368043', '2d0dbb5a-7735-4052-b478-5405c4120354', -1, '1610878158000') on conflict (feedback_id, user_id) do nothing;
insert into votes (vote_id, feedback_id, user_id, vote, v_timestamp) values ('8030187e-6076-4a06-b6eb-1a76aee001f0', 'c77fe95c-2d22-4a80-bd63-bfa265ed07d5', '84993557-73b4-4655-b16f-90a906c06c28', -1, '1608831191000') on conflict (feedback_id, user_id) do nothing;
insert into votes (vote_id, feedback_id, user_id, vote, v_timestamp) values ('aef15cce-9136-4f36-ad3d-808780b383d1', '8b7c3530-be25-490f-b25e-8ccad5ac46ab', '4807fe48-80b6-43fc-b8ef-2b6b2de6b5ab', 1, '1610121538000') on conflict (feedback_id, user_id) do nothing;
insert into votes (vote_id, feedback_id, user_id, vote, v_timestamp) values ('76c2499b-40e0-4f10-8a13-2feadc12a7da', 'b23cbc1b-af54-4fff-b326-d1d98a6d51ad', 'a67850fe-36a6-4ef8-989b-d5c663bb6570', 1, '1603945242000') on conflict (feedback_id, user_id) do nothing;
insert into votes (vote_id, feedback_id, user_id, vote, v_timestamp) values ('caf5f042-bdb8-4256-8755-5740fa0f5e0a', 'bee9ea7e-fd58-46e4-a41f-dbfcbcb3a704', '527ec98e-30f1-4457-b377-711a3777ddb1', 1, '1611220584000') on conflict (feedback_id, user_id) do nothing;
insert into votes (vote_id, feedback_id, user_id, vote, v_timestamp) values ('94ba70c5-bf85-44ec-938d-51718e9dd134', '1bbcc19b-d9bb-4ec7-b235-95d94a9b0d79', '8eb7033e-8baf-42d1-8238-1956cf7df0df', 1, '1609313800000') on conflict (feedback_id, user_id) do nothing;
insert into votes (vote_id, feedback_id, user_id, vote, v_timestamp) values ('54e16569-1fd9-45a9-b3ff-ce600a7087b4', '259b28d4-094f-4f2e-8261-a6380de38d42', '8eb7033e-8baf-42d1-8238-1956cf7df0df', 1, '1607772239000') on conflict (feedback_id, user_id) do nothing;
insert into votes (vote_id, feedback_id, user_id, vote, v_timestamp) values ('71b0e51f-eb81-4180-8ccc-eec05505ed28', '00c905af-d90c-4a89-a9ac-1628c7f27901', '0b2dc280-2fb5-4d8b-9200-96cf00fc1a25', 1, '1605699184000') on conflict (feedback_id, user_id) do nothing;
insert into votes (vote_id, feedback_id, user_id, vote, v_timestamp) values ('1009f7ce-e4f2-4b13-a780-11106e129b51', 'e0f84c69-25b3-4d46-9c5b-8b595a670c88', 'bfe0d540-653b-475a-a20c-2ac1297ac7c0', 1, '1608773016000') on conflict (feedback_id, user_id) do nothing;
insert into votes (vote_id, feedback_id, user_id, vote, v_timestamp) values ('c4702471-f730-455a-a558-63cc92b50784', 'b2e4d454-cbc7-4712-a5b1-85ce5cf2bfd4', '1f419c69-9f2b-417b-bf47-ec96dcaec10e', 1, '1610450558000') on conflict (feedback_id, user_id) do nothing;
insert into votes (vote_id, feedback_id, user_id, vote, v_timestamp) values ('7e85d95c-1ea7-43b1-8e29-c07b72fef581', 'b45c1059-2914-4b7b-81f7-1d77c0b7279b', '273dd52d-59d1-4442-9379-182f420b2e04', -1, '1610266795000') on conflict (feedback_id, user_id) do nothing;
insert into votes (vote_id, feedback_id, user_id, vote, v_timestamp) values ('78e2c1cd-ce76-4c43-b62f-bbe4905a8811', '4499bd8b-8798-490f-8f4d-3f0064854b25', '4c4756e6-e113-4db2-830b-2983af2497fd', 1, '1607801688000') on conflict (feedback_id, user_id) do nothing;
insert into votes (vote_id, feedback_id, user_id, vote, v_timestamp) values ('5dbf1726-3be0-4de6-a589-699d357e9377', '030a0609-f683-4670-b7f4-80ef3056bfd8', 'a67850fe-36a6-4ef8-989b-d5c663bb6570', -1, '1610887334000') on conflict (feedback_id, user_id) do nothing;
insert into votes (vote_id, feedback_id, user_id, vote, v_timestamp) values ('5aa5bbc9-6389-41ca-89ad-c8ea4405c98f', '45d5aeef-47c4-4455-a644-b68e222cc395', 'c7103201-bb1e-4692-a756-1c7b5689c01d', 1, '1607399693000') on conflict (feedback_id, user_id) do nothing;
insert into votes (vote_id, feedback_id, user_id, vote, v_timestamp) values ('dbdd4500-f062-44fe-ae67-ca8fa16280af', '3cea75bc-f7ce-42d8-b8ea-612806b441d3', 'c4c68995-d0a0-4515-94b4-78551007f341', 1, '1604543968000') on conflict (feedback_id, user_id) do nothing;
insert into votes (vote_id, feedback_id, user_id, vote, v_timestamp) values ('78da893a-c027-4378-b72f-3634c75f2bf9', '0b73f746-6a72-4101-b374-f82a0e4e5ebb', 'a67850fe-36a6-4ef8-989b-d5c663bb6570', -1, '1605455389000') on conflict (feedback_id, user_id) do nothing;
insert into votes (vote_id, feedback_id, user_id, vote, v_timestamp) values ('c8b3dd2c-9ed1-4884-8100-7b51e83d138c', '6832fdcb-3493-4a75-a893-109039368043', '4807fe48-80b6-43fc-b8ef-2b6b2de6b5ab', -1, '1607141860000') on conflict (feedback_id, user_id) do nothing;
insert into votes (vote_id, feedback_id, user_id, vote, v_timestamp) values ('035c5eba-f5e6-4686-ad50-c77ac51bd2d7', '42680497-77fa-4df7-ae96-024110e42223', '273dd52d-59d1-4442-9379-182f420b2e04', -1, '1604802603000') on conflict (feedback_id, user_id) do nothing;
insert into votes (vote_id, feedback_id, user_id, vote, v_timestamp) values ('e6b3e4a3-01f5-410a-b365-a4f563544007', '060d5fc0-a6f6-4df9-9d07-c1d1237dc3e7', '1f419c69-9f2b-417b-bf47-ec96dcaec10e', 1, '1605236719000') on conflict (feedback_id, user_id) do nothing;
insert into votes (vote_id, feedback_id, user_id, vote, v_timestamp) values ('e3902e11-bcec-4556-a494-d9a6304b4654', '1a2dee96-23cc-48fb-a489-388a925ada47', '4b6a0669-8fd9-4d44-8c9f-6d7cb046189d', -1, '1610903832000') on conflict (feedback_id, user_id) do nothing;
insert into votes (vote_id, feedback_id, user_id, vote, v_timestamp) values ('2131fb98-89eb-44b0-9a44-73caccdb03a0', '38fa508b-b03d-483a-86ec-6cd6fcb88b24', '527ec98e-30f1-4457-b377-711a3777ddb1', -1, '1609820261000') on conflict (feedback_id, user_id) do nothing;
insert into votes (vote_id, feedback_id, user_id, vote, v_timestamp) values ('70e18560-dd4d-4640-abde-29a84b7e413a', '42680497-77fa-4df7-ae96-024110e42223', '0b2dc280-2fb5-4d8b-9200-96cf00fc1a25', 1, '1604963866000') on conflict (feedback_id, user_id) do nothing;
insert into votes (vote_id, feedback_id, user_id, vote, v_timestamp) values ('21c2a8d4-de4d-4d2c-a35e-faa20420eff1', 'e0f84c69-25b3-4d46-9c5b-8b595a670c88', 'a574d601-4be4-4499-8f98-7f2b2e168e0e', -1, '1604909504000') on conflict (feedback_id, user_id) do nothing;
insert into votes (vote_id, feedback_id, user_id, vote, v_timestamp) values ('54222dd6-323e-44a0-8e7d-7c9b79d21416', '42680497-77fa-4df7-ae96-024110e42223', 'c7103201-bb1e-4692-a756-1c7b5689c01d', 1, '1607887644000') on conflict (feedback_id, user_id) do nothing;
insert into votes (vote_id, feedback_id, user_id, vote, v_timestamp) values ('7ebc1688-a0ac-4cf6-b6a1-dccd7ae37327', 'daf6855f-3a1d-498e-8620-60d309e609aa', 'c4c68995-d0a0-4515-94b4-78551007f341', 1, '1610847310000') on conflict (feedback_id, user_id) do nothing;
insert into votes (vote_id, feedback_id, user_id, vote, v_timestamp) values ('16684996-8210-4f4c-b38c-a89bf7807960', '060d5fc0-a6f6-4df9-9d07-c1d1237dc3e7', 'e32d597a-eb53-4a7a-8a6e-d1aa46bd9396', -1, '1604212135000') on conflict (feedback_id, user_id) do nothing;
insert into votes (vote_id, feedback_id, user_id, vote, v_timestamp) values ('dfdd4619-6210-45cf-b383-c1bdd03d475d', '5b18a624-de07-4cc0-8a0c-50ce1b938c95', 'a574d601-4be4-4499-8f98-7f2b2e168e0e', 1, '1608903485000') on conflict (feedback_id, user_id) do nothing;
insert into votes (vote_id, feedback_id, user_id, vote, v_timestamp) values ('c3ac5667-affd-4708-8ea3-1055dbf27ab7', '00b94f78-add9-4aae-90fa-c3965e15e8e9', '273dd52d-59d1-4442-9379-182f420b2e04', 1, '1612212648000') on conflict (feedback_id, user_id) do nothing;
insert into votes (vote_id, feedback_id, user_id, vote, v_timestamp) values ('0b8a55d7-3522-40a0-8e26-525d84f3e19b', '3cea75bc-f7ce-42d8-b8ea-612806b441d3', 'bfe0d540-653b-475a-a20c-2ac1297ac7c0', -1, '1606472255000') on conflict (feedback_id, user_id) do nothing;
insert into votes (vote_id, feedback_id, user_id, vote, v_timestamp) values ('3d0d61c7-9782-42d3-a75f-82cd9050f054', '00c905af-d90c-4a89-a9ac-1628c7f27901', 'c7103201-bb1e-4692-a756-1c7b5689c01d', 1, '1608460859000') on conflict (feedback_id, user_id) do nothing;
insert into votes (vote_id, feedback_id, user_id, vote, v_timestamp) values ('1f268391-0e92-4c6d-bbff-7bd7fdc8bfbd', '5b18a624-de07-4cc0-8a0c-50ce1b938c95', '0b2dc280-2fb5-4d8b-9200-96cf00fc1a25', -1, '1609354391000') on conflict (feedback_id, user_id) do nothing;
insert into votes (vote_id, feedback_id, user_id, vote, v_timestamp) values ('f7ebc0c6-803a-4681-b10a-b71eeee9106a', '6455c938-13c5-4846-a0f5-774741cfc7c4', '273dd52d-59d1-4442-9379-182f420b2e04', -1, '1607979764000') on conflict (feedback_id, user_id) do nothing;
insert into votes (vote_id, feedback_id, user_id, vote, v_timestamp) values ('6e18f7c4-68a0-46c0-b49e-ca82e8e28b6e', '4405f4a4-b749-4a5b-bf30-3290f460bda2', '527ec98e-30f1-4457-b377-711a3777ddb1', 1, '1604559647000') on conflict (feedback_id, user_id) do nothing;
insert into votes (vote_id, feedback_id, user_id, vote, v_timestamp) values ('0472c97b-92ad-4040-b733-90c472cf12d1', 'd70bcdd7-dd87-4688-9581-28cf24952f93', '3497c637-70b7-429a-a0a4-5e4756e1da7f', -1, '1609108948000') on conflict (feedback_id, user_id) do nothing;
insert into votes (vote_id, feedback_id, user_id, vote, v_timestamp) values ('3042033d-712f-4fd2-a6ac-fb0ace6b5ffb', 'daf6855f-3a1d-498e-8620-60d309e609aa', 'c7103201-bb1e-4692-a756-1c7b5689c01d', -1, '1609628502000') on conflict (feedback_id, user_id) do nothing;
insert into votes (vote_id, feedback_id, user_id, vote, v_timestamp) values ('f7018c65-22fb-444f-9564-9d885a58cd0e', '0a089831-f830-48dd-8f0e-5598b815cce5', 'a67850fe-36a6-4ef8-989b-d5c663bb6570', 1, '1608065582000') on conflict (feedback_id, user_id) do nothing;
insert into votes (vote_id, feedback_id, user_id, vote, v_timestamp) values ('e4c491b0-1fe8-4609-a89f-aefac67619b6', '9b5da824-eb47-43ea-87ff-cbf500c9cbe7', 'c7103201-bb1e-4692-a756-1c7b5689c01d', 1, '1605293252000') on conflict (feedback_id, user_id) do nothing;
insert into votes (vote_id, feedback_id, user_id, vote, v_timestamp) values ('dfc5be7d-eaec-417d-91c6-4ce8af0e1eca', '9b5591fe-b4f4-41b7-81c4-dd98a4cf9856', '527ec98e-30f1-4457-b377-711a3777ddb1', -1, '1610807560000') on conflict (feedback_id, user_id) do nothing;
insert into votes (vote_id, feedback_id, user_id, vote, v_timestamp) values ('fb0b99a8-6794-4933-9d91-236065360c7a', '1bbcc19b-d9bb-4ec7-b235-95d94a9b0d79', '2d0dbb5a-7735-4052-b478-5405c4120354', -1, '1610383675000') on conflict (feedback_id, user_id) do nothing;
insert into votes (vote_id, feedback_id, user_id, vote, v_timestamp) values ('6096746b-0a09-4ea2-af17-684e528eab7e', '10938348-2971-4a1a-a250-16ad32d7b87b', 'd61ef908-5f01-4a41-b828-2284cb1125ff', 1, '1607855025000') on conflict (feedback_id, user_id) do nothing;
insert into votes (vote_id, feedback_id, user_id, vote, v_timestamp) values ('4b80ba48-e8e2-4486-a18b-dbea7e026180', '4b0295b5-d409-4ac0-abdb-bbb4b8fd792c', '273dd52d-59d1-4442-9379-182f420b2e04', -1, '1610404859000') on conflict (feedback_id, user_id) do nothing;
insert into votes (vote_id, feedback_id, user_id, vote, v_timestamp) values ('9b24771a-60f7-42e2-ac6d-b0a79448fe2f', 'e2bd7e95-a4ca-40de-8dd7-b3bf7298511e', '2738bbb8-e29b-460b-a96d-a37adf1f488f', 1, '1608344492000') on conflict (feedback_id, user_id) do nothing;
insert into votes (vote_id, feedback_id, user_id, vote, v_timestamp) values ('7f8d79d1-b63a-4c49-82c9-07b5917c05e1', 'b2e4d454-cbc7-4712-a5b1-85ce5cf2bfd4', '0b2dc280-2fb5-4d8b-9200-96cf00fc1a25', 1, '1611468584000') on conflict (feedback_id, user_id) do nothing;
insert into votes (vote_id, feedback_id, user_id, vote, v_timestamp) values ('be144d6e-ed50-4adc-89b0-6929851b83eb', '4499bd8b-8798-490f-8f4d-3f0064854b25', '212d7c4c-ebee-47c7-acb8-83420f6ac2f3', 1, '1606436341000') on conflict (feedback_id, user_id) do nothing;
insert into votes (vote_id, feedback_id, user_id, vote, v_timestamp) values ('6084cb0c-868d-4a50-9803-c17e09f1a93d', '0c82c2ad-de67-4287-93c9-d3d40c221005', '3497c637-70b7-429a-a0a4-5e4756e1da7f', 1, '1604132420000') on conflict (feedback_id, user_id) do nothing;
insert into votes (vote_id, feedback_id, user_id, vote, v_timestamp) values ('feed3406-e60b-46a0-8385-ed604a97fd0d', '5cf45183-0915-4aba-8246-a78aa754ce13', '84993557-73b4-4655-b16f-90a906c06c28', 1, '1605614968000') on conflict (feedback_id, user_id) do nothing;
insert into votes (vote_id, feedback_id, user_id, vote, v_timestamp) values ('f16cc856-46aa-473c-8d18-dcaf233892cc', '5cf45183-0915-4aba-8246-a78aa754ce13', '84993557-73b4-4655-b16f-90a906c06c28', -1, '1607869752000') on conflict (feedback_id, user_id) do nothing;
insert into votes (vote_id, feedback_id, user_id, vote, v_timestamp) values ('4a2fbd22-209a-4536-987a-f7300aa35a75', 'b2e4d454-cbc7-4712-a5b1-85ce5cf2bfd4', '2d0dbb5a-7735-4052-b478-5405c4120354', -1, '1607818058000') on conflict (feedback_id, user_id) do nothing;
insert into votes (vote_id, feedback_id, user_id, vote, v_timestamp) values ('12e6a5ee-efe3-4b23-a28a-a8bdb1c3cc07', '8b26fa03-b967-4118-bd42-3d192beaba75', '7a9399af-e5f4-412f-a3c9-90cff9c23a54', -1, '1606677647000') on conflict (feedback_id, user_id) do nothing;
insert into votes (vote_id, feedback_id, user_id, vote, v_timestamp) values ('3d9b162a-778e-4b4f-ad71-361938302e99', 'b45c1059-2914-4b7b-81f7-1d77c0b7279b', '7a9399af-e5f4-412f-a3c9-90cff9c23a54', 1, '1607142347000') on conflict (feedback_id, user_id) do nothing;
insert into votes (vote_id, feedback_id, user_id, vote, v_timestamp) values ('77289fe3-26ab-474c-9d1c-22f901d298e3', '5cf45183-0915-4aba-8246-a78aa754ce13', 'a574d601-4be4-4499-8f98-7f2b2e168e0e', 1, '1610403624000') on conflict (feedback_id, user_id) do nothing;
insert into votes (vote_id, feedback_id, user_id, vote, v_timestamp) values ('d6b45208-c8cc-4b14-b84a-5c18be0a927a', '5b18a624-de07-4cc0-8a0c-50ce1b938c95', '2d0dbb5a-7735-4052-b478-5405c4120354', -1, '1604310304000') on conflict (feedback_id, user_id) do nothing;
insert into votes (vote_id, feedback_id, user_id, vote, v_timestamp) values ('ce652412-e779-4947-83ee-794bff3a505f', '5cf45183-0915-4aba-8246-a78aa754ce13', 'cc7c954e-dffe-4ac7-9214-fe337e611c64', 1, '1605883168000') on conflict (feedback_id, user_id) do nothing;
insert into votes (vote_id, feedback_id, user_id, vote, v_timestamp) values ('b701d434-eaac-4b55-9a83-9ea99d9b4226', '9c848b2c-f45e-4650-8350-1a8adf2b38dc', '4807fe48-80b6-43fc-b8ef-2b6b2de6b5ab', 1, '1606758625000') on conflict (feedback_id, user_id) do nothing;
insert into votes (vote_id, feedback_id, user_id, vote, v_timestamp) values ('b91e6cce-49e2-4822-ad44-e48b042abfc2', 'b2679561-6577-4f8c-915c-de8ba7edcf65', '273dd52d-59d1-4442-9379-182f420b2e04', 1, '1605846457000') on conflict (feedback_id, user_id) do nothing;
insert into votes (vote_id, feedback_id, user_id, vote, v_timestamp) values ('262ecf06-7a44-48d3-b5f6-3c867a30fe60', '10938348-2971-4a1a-a250-16ad32d7b87b', '2d0dbb5a-7735-4052-b478-5405c4120354', -1, '1610446788000') on conflict (feedback_id, user_id) do nothing;
insert into votes (vote_id, feedback_id, user_id, vote, v_timestamp) values ('4df925aa-1cb2-4641-a543-abf3d73a240a', '38fa508b-b03d-483a-86ec-6cd6fcb88b24', 'c7103201-bb1e-4692-a756-1c7b5689c01d', -1, '1604372778000') on conflict (feedback_id, user_id) do nothing;
insert into votes (vote_id, feedback_id, user_id, vote, v_timestamp) values ('46236215-d195-48b7-aa87-9906d673c216', '0b73f746-6a72-4101-b374-f82a0e4e5ebb', 'e32d597a-eb53-4a7a-8a6e-d1aa46bd9396', -1, '1606588587000') on conflict (feedback_id, user_id) do nothing;
insert into votes (vote_id, feedback_id, user_id, vote, v_timestamp) values ('65e38884-441e-470a-9d26-46890b6699c5', '8b26fa03-b967-4118-bd42-3d192beaba75', 'bfe0d540-653b-475a-a20c-2ac1297ac7c0', -1, '1610804727000') on conflict (feedback_id, user_id) do nothing;
insert into votes (vote_id, feedback_id, user_id, vote, v_timestamp) values ('735ab734-9294-4b13-aba3-69120ad52a7e', '1a2dee96-23cc-48fb-a489-388a925ada47', 'e32d597a-eb53-4a7a-8a6e-d1aa46bd9396', -1, '1606911844000') on conflict (feedback_id, user_id) do nothing;
insert into votes (vote_id, feedback_id, user_id, vote, v_timestamp) values ('28cc16fd-28e0-4e71-ace9-17f927abef25', '4b0295b5-d409-4ac0-abdb-bbb4b8fd792c', 'bfe0d540-653b-475a-a20c-2ac1297ac7c0', -1, '1607288827000') on conflict (feedback_id, user_id) do nothing;
insert into votes (vote_id, feedback_id, user_id, vote, v_timestamp) values ('3ae893e7-441d-4ff7-9ecd-e65db303f5b5', 'b2e4d454-cbc7-4712-a5b1-85ce5cf2bfd4', 'cc7c954e-dffe-4ac7-9214-fe337e611c64', 1, '1605739721000') on conflict (feedback_id, user_id) do nothing;
insert into votes (vote_id, feedback_id, user_id, vote, v_timestamp) values ('369b7ae0-3982-473e-a26c-e0233650ba07', 'b45c1059-2914-4b7b-81f7-1d77c0b7279b', '41c8e14a-0245-4e8d-90b8-95a009973899', 1, '1611817541000') on conflict (feedback_id, user_id) do nothing;
insert into votes (vote_id, feedback_id, user_id, vote, v_timestamp) values ('481c4bb4-a351-4424-8f59-37a8f0a60c30', '3cea75bc-f7ce-42d8-b8ea-612806b441d3', 'a67850fe-36a6-4ef8-989b-d5c663bb6570', -1, '1611172560000') on conflict (feedback_id, user_id) do nothing;
insert into votes (vote_id, feedback_id, user_id, vote, v_timestamp) values ('f0fa3c48-49b6-474a-9684-0267eea7ba75', 'b23cbc1b-af54-4fff-b326-d1d98a6d51ad', '5db7c8b8-530d-4d9b-8db2-7c0b9cae8951', 1, '1605757392000') on conflict (feedback_id, user_id) do nothing;
insert into votes (vote_id, feedback_id, user_id, vote, v_timestamp) values ('78ad702f-5380-4044-aae7-315ce4e7cef5', '259b28d4-094f-4f2e-8261-a6380de38d42', '8eb7033e-8baf-42d1-8238-1956cf7df0df', 1, '1608096157000') on conflict (feedback_id, user_id) do nothing;
insert into votes (vote_id, feedback_id, user_id, vote, v_timestamp) values ('5ba4451e-928c-49c9-97c3-d6fa5ea1dec7', '4405f4a4-b749-4a5b-bf30-3290f460bda2', '41c8e14a-0245-4e8d-90b8-95a009973899', 1, '1606329622000') on conflict (feedback_id, user_id) do nothing;
insert into votes (vote_id, feedback_id, user_id, vote, v_timestamp) values ('11208e45-1b33-42da-8264-c80a16487811', 'e2bd7e95-a4ca-40de-8dd7-b3bf7298511e', '41c8e14a-0245-4e8d-90b8-95a009973899', 1, '1609462169000') on conflict (feedback_id, user_id) do nothing;
insert into votes (vote_id, feedback_id, user_id, vote, v_timestamp) values ('2acea476-4c92-4eb6-bdc2-9a3304731be6', '6832fdcb-3493-4a75-a893-109039368043', 'e32d597a-eb53-4a7a-8a6e-d1aa46bd9396', 1, '1609726730000') on conflict (feedback_id, user_id) do nothing;
insert into votes (vote_id, feedback_id, user_id, vote, v_timestamp) values ('9ca465a4-8834-4483-9c84-11348c238be3', '2fb77ce2-993a-436e-becd-f84fffbc483f', '2d0dbb5a-7735-4052-b478-5405c4120354', 1, '1606409884000') on conflict (feedback_id, user_id) do nothing;
insert into votes (vote_id, feedback_id, user_id, vote, v_timestamp) values ('37f391e1-e2ca-4a2a-a5ac-91dd4751c2d6', '6455c938-13c5-4846-a0f5-774741cfc7c4', '4b6a0669-8fd9-4d44-8c9f-6d7cb046189d', 1, '1611126340000') on conflict (feedback_id, user_id) do nothing;
insert into votes (vote_id, feedback_id, user_id, vote, v_timestamp) values ('8b82bdba-ed86-4083-b8e6-96fe936a7675', '4405f4a4-b749-4a5b-bf30-3290f460bda2', '212d7c4c-ebee-47c7-acb8-83420f6ac2f3', 1, '1610623860000') on conflict (feedback_id, user_id) do nothing;
insert into votes (vote_id, feedback_id, user_id, vote, v_timestamp) values ('92aeb8c7-bce8-44d4-8f01-4602fdc1945f', '4405f4a4-b749-4a5b-bf30-3290f460bda2', '0b2dc280-2fb5-4d8b-9200-96cf00fc1a25', 1, '1610069784000') on conflict (feedback_id, user_id) do nothing;
insert into votes (vote_id, feedback_id, user_id, vote, v_timestamp) values ('c0ae447b-b0b8-490e-a210-d3cff7943974', '2fb77ce2-993a-436e-becd-f84fffbc483f', 'bfe0d540-653b-475a-a20c-2ac1297ac7c0', -1, '1604625778000') on conflict (feedback_id, user_id) do nothing;
insert into votes (vote_id, feedback_id, user_id, vote, v_timestamp) values ('d4b06285-fa8f-47c6-86b2-9b61a211a4d9', 'e0f84c69-25b3-4d46-9c5b-8b595a670c88', 'a574d601-4be4-4499-8f98-7f2b2e168e0e', -1, '1611557303000') on conflict (feedback_id, user_id) do nothing;
insert into votes (vote_id, feedback_id, user_id, vote, v_timestamp) values ('966a3c6a-518e-4f89-9960-db8a0cd3b5cc', '0a089831-f830-48dd-8f0e-5598b815cce5', 'a574d601-4be4-4499-8f98-7f2b2e168e0e', 1, '1611124674000') on conflict (feedback_id, user_id) do nothing;
insert into votes (vote_id, feedback_id, user_id, vote, v_timestamp) values ('44ae88cb-3a41-4e5c-a4c2-083fa62eeadb', '0c82c2ad-de67-4287-93c9-d3d40c221005', 'bfe0d540-653b-475a-a20c-2ac1297ac7c0', -1, '1609972162000') on conflict (feedback_id, user_id) do nothing;
insert into votes (vote_id, feedback_id, user_id, vote, v_timestamp) values ('480653d1-bc4d-4d83-a365-41ba0a49f361', '1a2dee96-23cc-48fb-a489-388a925ada47', '4807fe48-80b6-43fc-b8ef-2b6b2de6b5ab', 1, '1604833385000') on conflict (feedback_id, user_id) do nothing;
insert into votes (vote_id, feedback_id, user_id, vote, v_timestamp) values ('efeabb92-fce8-4863-b53e-af82b53ef87b', 'd70bcdd7-dd87-4688-9581-28cf24952f93', 'bfe0d540-653b-475a-a20c-2ac1297ac7c0', -1, '1607537438000') on conflict (feedback_id, user_id) do nothing;
insert into votes (vote_id, feedback_id, user_id, vote, v_timestamp) values ('564ff681-e1c1-4547-8230-de5edf2005e6', '10938348-2971-4a1a-a250-16ad32d7b87b', 'a67850fe-36a6-4ef8-989b-d5c663bb6570', -1, '1608408687000') on conflict (feedback_id, user_id) do nothing;
insert into votes (vote_id, feedback_id, user_id, vote, v_timestamp) values ('a2011432-0227-41c2-997d-859b698d1690', 'e2bd7e95-a4ca-40de-8dd7-b3bf7298511e', 'cc7c954e-dffe-4ac7-9214-fe337e611c64', -1, '1605464449000') on conflict (feedback_id, user_id) do nothing;
insert into votes (vote_id, feedback_id, user_id, vote, v_timestamp) values ('2326cd40-8e53-448d-8161-92c6c39a4d9c', '5cf45183-0915-4aba-8246-a78aa754ce13', '8eb7033e-8baf-42d1-8238-1956cf7df0df', -1, '1612322064000') on conflict (feedback_id, user_id) do nothing;
insert into votes (vote_id, feedback_id, user_id, vote, v_timestamp) values ('7feb8cd3-4da4-4335-80f8-85ccf4433381', '10938348-2971-4a1a-a250-16ad32d7b87b', '4b6a0669-8fd9-4d44-8c9f-6d7cb046189d', -1, '1611442417000') on conflict (feedback_id, user_id) do nothing;
insert into votes (vote_id, feedback_id, user_id, vote, v_timestamp) values ('9b6d9c10-6f44-4e1e-a68f-9441f78a74d7', '42680497-77fa-4df7-ae96-024110e42223', 'bfe0d540-653b-475a-a20c-2ac1297ac7c0', 1, '1608458780000') on conflict (feedback_id, user_id) do nothing;
insert into votes (vote_id, feedback_id, user_id, vote, v_timestamp) values ('e2026352-f092-4e28-ab70-16acc53072ae', '9c848b2c-f45e-4650-8350-1a8adf2b38dc', 'a574d601-4be4-4499-8f98-7f2b2e168e0e', -1, '1608755811000') on conflict (feedback_id, user_id) do nothing;
insert into votes (vote_id, feedback_id, user_id, vote, v_timestamp) values ('dffddcc0-8337-4f59-9bfc-8dde4d673101', '8b26fa03-b967-4118-bd42-3d192beaba75', '0b2dc280-2fb5-4d8b-9200-96cf00fc1a25', -1, '1608651273000') on conflict (feedback_id, user_id) do nothing;
insert into votes (vote_id, feedback_id, user_id, vote, v_timestamp) values ('a637a602-b804-4423-bfaf-e126360b2fa1', '00b94f78-add9-4aae-90fa-c3965e15e8e9', 'a574d601-4be4-4499-8f98-7f2b2e168e0e', 1, '1607974801000') on conflict (feedback_id, user_id) do nothing;
insert into votes (vote_id, feedback_id, user_id, vote, v_timestamp) values ('b2c77c62-2fe1-4429-a045-e86846a449c8', '8b26fa03-b967-4118-bd42-3d192beaba75', 'e32d597a-eb53-4a7a-8a6e-d1aa46bd9396', -1, '1606294050000') on conflict (feedback_id, user_id) do nothing;
insert into votes (vote_id, feedback_id, user_id, vote, v_timestamp) values ('ffd2668c-c908-4ae8-9b79-32cc7c4ba602', 'd70bcdd7-dd87-4688-9581-28cf24952f93', '88cf9dd1-62f3-49ed-a0aa-ffecfb2128e5', -1, '1605710469000') on conflict (feedback_id, user_id) do nothing;
insert into votes (vote_id, feedback_id, user_id, vote, v_timestamp) values ('4f33913c-cebb-410c-bf3d-ac5e6a3eb95b', '42680497-77fa-4df7-ae96-024110e42223', '4b6a0669-8fd9-4d44-8c9f-6d7cb046189d', -1, '1608280934000') on conflict (feedback_id, user_id) do nothing;